"","id","gender","age","educ","wage"
"1",1,2,57,4,1680
"2",3,2,36,5,2880
"3",5,2,24,6,1200
"4",6,1,72,4,1020
"5",8,1,26,6,1440
"6",9,2,80,2,480
"7",10,2,44,2,720
"8",11,1,41,3,1200
"9",12,2,22,7,1200
"10",14,1,63,2,3000
"11",15,1,45,4,360
"12",18,1,53,3,3480
"13",20,1,36,4,1200
"14",21,1,25,5,1200
"15",22,2,25,4,1200
"16",25,1,37,5,3600
"17",29,1,70,3,600
"18",30,1,30,7,1200
"19",32,1,59,5,1800
"20",33,1,42,5,2400
"21",34,1,37,4,4800
"22",35,1,22,4,1200
"23",36,1,42,7,4200
"24",37,1,60,5,1440
"25",38,1,59,4,3600
"26",39,1,34,5,3000
"27",40,1,47,5,3600
"28",41,1,37,3,1620
"29",42,2,58,4,3600
"30",43,1,41,3,2400
"31",44,1,44,4,2160
"32",46,1,40,7,3600
"33",47,1,34,7,3000
"34",48,1,69,3,2400
"35",49,1,55,5,3600
"36",50,2,57,7,3600
"37",51,2,42,7,1080
"38",52,1,30,5,1800
"39",53,1,35,5,2400
"40",54,1,35,5,2400
"41",55,1,72,3,660
"42",56,1,41,5,4800
"43",57,2,29,7,1920
"44",58,2,65,3,1560
"45",59,1,68,5,2760
"46",60,1,49,5,1920
"47",61,1,61,4,1680
"48",62,1,31,7,1200
"49",63,2,31,5,600
"50",65,1,59,5,1080
"51",68,1,56,5,1440
"52",70,2,41,5,960
"53",71,2,56,3,960
"54",72,1,54,5,3000
"55",73,1,48,3,1200
"56",74,1,42,5,2040
"57",76,2,27,5,2400
"58",77,1,44,5,1800
"59",78,1,28,7,1800
"60",79,1,49,7,3600
"61",80,1,53,5,3600
"62",81,2,39,8,2280
"63",83,1,50,7,7800
"64",84,1,35,7,2436
"65",85,1,59,4,720
"66",86,2,44,4,3600
"67",88,1,38,4,1200
"68",89,1,64,4,1800
"69",90,1,76,4,1200
"70",91,1,51,5,1200
"71",92,2,41,5,1200
"72",93,1,47,5,1200
"73",94,1,56,4,2400
"74",95,1,37,4,108
"75",96,2,34,5,1200
"76",97,1,29,5,1560
"77",98,1,40,4,2340
"78",99,1,51,5,1920
"79",100,1,40,8,3000
"80",101,1,44,8,3600
"81",102,2,25,8,1440
"82",103,1,52,4,1200
"83",104,1,59,4,960
"84",106,1,42,5,1560
"85",107,1,73,3,600
"86",109,1,66,3,1440
"87",110,1,26,6,1200
"88",111,1,42,4,600
"89",112,1,56,5,2400
"90",113,1,64,3,1800
"91",114,1,42,7,1920
"92",115,1,43,5,3000
"93",116,1,69,9,3600
"94",117,1,40,5,1800
"95",118,1,68,3,1200
"96",119,1,46,3,360
"97",121,2,23,5,1116
"98",122,1,43,5,720
"99",123,1,40,3,1800
"100",124,1,31,5,1800
"101",125,2,26,6,840
"102",126,1,46,4,360
"103",128,1,66,3,2400
"104",129,1,31,5,1800
"105",131,1,43,4,1560
"106",133,1,52,3,960
"107",134,2,42,5,840
"108",135,2,41,5,720
"109",136,1,29,7,2160
"110",137,1,51,5,1800
"111",138,1,66,4,720
"112",139,1,39,5,2400
"113",140,1,25,4,1020
"114",141,2,49,2,840
"115",142,2,50,5,1440
"116",143,1,28,5,1560
"117",144,2,55,3,2760
"118",145,1,44,5,2040
"119",146,1,46,4,2400
"120",147,1,35,4,1200
"121",150,1,52,5,2400
"122",151,1,29,8,3000
"123",152,2,25,5,2400
"124",153,1,30,7,1200
"125",154,1,57,3,360
"126",155,1,30,5,600
"127",157,1,51,5,3000
"128",158,1,56,5,1800
"129",160,1,46,7,1800
"130",161,1,54,3,2880
"131",162,1,41,5,1560
"132",163,1,45,5,3600
"133",164,1,49,7,2160
"134",166,1,44,5,2400
"135",167,2,74,5,1920
"136",169,1,49,3,360
"137",170,1,37,4,2160
"138",171,2,28,5,1200
"139",172,1,49,4,1560
"140",173,1,38,5,2400
"141",174,1,37,5,1080
"142",175,1,42,5,2400
"143",176,1,32,5,480
"144",177,1,34,4,4200
"145",179,2,39,3,1560
"146",180,1,67,4,1440
"147",181,1,44,3,1560
"148",182,1,43,4,1800
"149",184,1,48,4,1200
"150",185,2,49,3,960
"151",186,1,50,4,1800
"152",187,1,40,5,1200
"153",188,1,32,5,840
"154",189,1,44,7,3600
"155",190,2,34,7,1200
"156",191,1,46,5,840
"157",192,2,66,2,360
"158",193,1,53,7,840
"159",194,1,32,5,1200
"160",195,1,35,5,1200
"161",196,1,58,3,1560
"162",197,1,33,5,1020
"163",198,1,51,7,1440
"164",199,1,30,6,1200
"165",200,1,53,3,720
"166",201,1,42,3,1800
"167",202,1,47,5,1200
"168",203,1,32,7,3600
"169",204,1,56,8,4800
"170",205,1,48,5,1320
"171",206,1,49,5,2400
"172",207,1,35,7,1680
"173",208,1,50,3,4800
"174",210,1,35,5,3120
"175",212,1,47,4,2400
"176",213,1,42,5,1200
"177",214,1,32,4,480
"178",215,1,56,3,1200
"179",216,1,44,5,1800
"180",218,1,43,5,1800
"181",219,1,30,4,2076
"182",220,1,45,5,1200
"183",221,1,44,3,1680
"184",222,2,55,3,1440
"185",224,1,69,5,1200
"186",225,1,55,4,720
"187",226,1,72,7,1980
"188",227,1,63,3,720
"189",228,2,48,4,660
"190",229,1,32,7,2160
"191",230,1,37,5,3000
"192",231,1,66,4,960
"193",232,1,45,8,3600
"194",233,1,45,5,2400
"195",234,1,59,5,1200
"196",235,2,58,5,480
"197",236,1,38,5,1800
"198",237,1,53,3,1440
"199",238,1,33,5,1440
"200",239,1,34,5,1200
"201",240,1,30,5,1080
"202",241,1,36,5,600
"203",243,1,44,7,360
"204",245,1,43,4,780
"205",246,2,79,2,120
"206",247,1,50,7,4800
"207",248,1,33,7,2760
"208",249,1,54,7,1800
"209",250,1,53,5,960
"210",252,1,31,7,2400
"211",253,2,29,5,1200
"212",254,1,35,5,3000
"213",255,1,41,5,1200
"214",256,2,39,4,3600
"215",257,2,47,4,600
"216",258,1,79,3,1080
"217",260,1,58,3,1200
"218",261,1,47,4,2400
"219",262,2,67,3,720
"220",263,1,55,4,1200
"221",264,1,30,6,1140
"222",265,1,41,4,1800
"223",266,1,37,7,1800
"224",267,1,45,5,1200
"225",268,1,41,4,1560
"226",269,2,37,4,1404
"227",271,1,60,5,3000
"228",272,1,36,4,1380
"229",273,1,32,5,720
"230",275,1,42,5,1200
"231",277,1,52,3,1200
"232",278,1,34,4,1560
"233",282,1,57,5,960
"234",283,2,50,5,1920
"235",284,1,40,6,3204
"236",285,1,33,7,1800
"237",286,1,49,4,960
"238",287,1,33,7,3600
"239",288,1,25,6,3600
"240",291,1,39,7,1440
"241",292,1,38,8,1560
"242",294,1,59,6,2640
"243",295,1,34,7,2400
"244",297,2,44,4,1800
"245",298,1,61,3,2400
"246",299,1,69,4,1200
"247",300,1,56,5,1800
"248",301,1,46,5,1560
"249",302,1,26,4,1200
"250",303,2,56,4,960
"251",304,1,60,5,1560
"252",305,1,28,6,1440
"253",306,1,56,3,1200
"254",307,1,42,4,2400
"255",308,1,73,3,2400
"256",309,1,39,4,1200
"257",310,2,58,3,2400
"258",311,1,30,5,2160
"259",312,2,74,2,240
"260",313,1,40,5,2400
"261",314,1,41,4,1200
"262",315,1,53,7,3000
"263",316,1,61,7,4800
"264",317,1,59,5,240
"265",318,1,64,5,1788
"266",319,1,38,5,1200
"267",320,1,37,5,3600
"268",321,1,62,5,1080
"269",322,1,49,3,2040
"270",323,1,31,5,1080
"271",324,1,36,5,876
"272",326,2,65,3,1740
"273",327,2,69,3,1440
"274",328,2,27,5,1908
"275",329,1,67,3,960
"276",330,1,42,5,1200
"277",331,1,47,4,2160
"278",332,1,30,4,1440
"279",334,1,48,5,3600
"280",335,2,73,2,1200
"281",336,1,65,3,2400
"282",337,1,37,5,1200
"283",338,1,33,4,360
"284",339,1,27,5,1200
"285",340,1,48,5,1200
"286",342,1,38,6,1200
"287",343,1,27,5,1320
"288",345,1,68,3,600
"289",346,1,29,5,2400
"290",347,1,32,5,1560
"291",348,1,39,4,1440
"292",349,1,51,7,4560
"293",350,1,36,4,720
"294",351,1,56,4,840
"295",352,1,23,5,1440
"296",353,1,53,4,840
"297",354,2,51,3,960
"298",355,1,35,5,1800
"299",357,2,59,5,240
"300",358,1,38,4,1200
"301",359,1,38,7,1800
"302",360,2,64,2,240
"303",361,1,49,5,1200
"304",362,1,38,6,2400
"305",363,1,39,5,2400
"306",364,2,66,4,600
"307",365,1,55,5,2400
"308",366,1,51,4,3000
"309",367,1,30,5,2160
"310",368,1,42,5,1800
"311",370,1,56,3,2400
"312",371,1,51,5,960
"313",372,1,65,5,240
"314",373,1,63,7,1200
"315",374,2,46,3,720
"316",376,1,40,5,420
"317",377,1,51,3,3720
"318",379,1,70,4,3300
"319",380,2,60,3,600
"320",381,1,58,7,720
"321",382,1,56,4,1440
"322",384,1,56,3,2160
"323",385,1,50,4,3000
"324",386,1,30,5,2040
"325",387,1,54,7,996
"326",388,2,52,4,3600
"327",389,1,59,5,1800
"328",390,1,60,5,3000
"329",391,1,53,3,1920
"330",392,1,37,4,1200
"331",393,1,33,5,840
"332",394,1,56,4,2400
"333",395,1,48,5,1920
"334",396,1,47,5,600
"335",397,1,44,7,2580
"336",399,1,44,4,840
"337",400,1,38,7,1800
"338",401,1,48,5,1800
"339",402,1,54,4,1200
"340",403,1,50,7,2160
"341",404,1,41,4,2400
"342",405,1,29,6,1800
"343",407,1,40,4,600
"344",408,1,36,3,720
"345",409,1,79,7,1200
"346",410,1,54,8,5400
"347",411,2,44,7,1440
"348",412,1,62,7,3000
"349",413,1,81,3,456
"350",414,1,46,7,2400
"351",415,1,32,9,1800
"352",416,1,36,5,240
"353",417,1,28,5,1560
"354",418,1,36,5,1200
"355",419,1,28,5,1800
"356",420,1,39,5,1800
"357",421,1,29,7,2160
"358",422,2,38,5,2400
"359",424,1,43,5,1200
"360",425,1,31,7,6960
"361",426,1,35,7,1440
"362",427,1,42,6,2760
"363",428,1,52,5,3312
"364",430,1,61,5,1200
"365",431,2,32,5,1800
"366",432,1,65,4,1560
"367",433,1,60,3,3600
"368",434,1,36,5,360
"369",435,1,29,5,1800
"370",436,1,48,5,1800
"371",437,2,42,5,2040
"372",438,1,34,5,1200
"373",439,1,30,7,1560
"374",440,1,57,3,1200
"375",441,2,44,4,480
"376",442,2,41,6,2160
"377",443,1,41,4,1080
"378",444,1,59,4,1200
"379",446,1,32,5,1440
"380",447,1,56,4,1200
"381",448,1,62,5,2760
"382",449,1,68,4,1200
"383",451,1,50,5,3600
"384",452,2,27,8,1920
"385",453,1,61,5,4440
"386",456,1,44,7,3600
"387",457,1,44,8,1200
"388",458,1,46,7,4248
"389",459,1,45,8,3600
"390",460,1,50,4,4200
"391",461,1,51,5,2280
"392",462,1,46,5,600
"393",463,1,43,6,4800
"394",464,2,47,5,1080
"395",465,1,56,4,960
"396",466,1,38,3,1200
"397",467,1,44,3,1200
"398",468,1,68,3,2280
"399",469,1,30,7,3000
"400",470,2,44,8,1200
"401",471,1,39,6,1560
"402",473,1,40,5,960
"403",474,1,37,5,1800
"404",475,1,32,5,1200
"405",476,1,50,7,2400
"406",477,1,38,5,1200
"407",478,1,30,8,1560
"408",479,1,34,5,1800
"409",480,1,34,7,720
"410",481,1,40,6,2160
"411",482,1,68,4,900
"412",483,1,41,7,13440
"413",484,1,36,6,1560
"414",485,1,36,7,3600
"415",486,1,53,5,2160
"416",487,1,43,4,2400
"417",488,2,64,3,600
"418",490,1,46,3,1200
"419",492,1,55,7,660
"420",494,1,48,5,3600
"421",495,1,27,5,2400
"422",496,1,76,2,360
"423",497,1,34,5,1440
"424",498,1,54,5,1200
"425",499,1,37,7,1920
"426",502,1,43,5,1800
"427",503,1,74,4,600
"428",504,1,39,7,2400
"429",507,2,49,4,648
"430",508,2,46,3,2400
"431",510,1,48,5,1080
"432",511,1,36,5,1200
"433",512,1,43,5,1200
"434",513,1,30,7,5280
"435",514,1,60,3,600
"436",515,1,38,5,1800
"437",516,1,35,4,840
"438",517,1,39,7,1800
"439",518,1,54,5,2400
"440",519,1,52,5,1200
"441",520,1,56,2,1200
"442",521,1,43,7,1800
"443",522,1,43,5,1560
"444",523,1,40,7,12000
"445",524,1,42,7,600
"446",525,1,50,7,2400
"447",526,1,44,5,6000
"448",528,1,58,5,2520
"449",529,1,33,7,2520
"450",530,2,81,2,4200
"451",531,1,35,6,1800
"452",532,1,44,5,1800
"453",533,1,43,7,3000
"454",534,2,75,2,3792
"455",536,1,38,7,2040
"456",537,1,30,7,2160
"457",538,1,40,7,2040
"458",539,1,43,5,2400
"459",540,1,33,7,1920
"460",541,1,38,5,1200
"461",542,1,32,7,2400
"462",543,1,32,9,3360
"463",544,1,76,3,3600
"464",545,1,59,8,6600
"465",546,1,58,5,3600
"466",547,1,25,5,1200
"467",548,1,46,5,2400
"468",549,1,52,5,1200
"469",550,1,43,5,3120
"470",552,1,39,7,2160
"471",554,1,65,8,2100
"472",555,1,44,3,1200
"473",556,1,43,5,900
"474",557,1,53,5,3000
"475",558,1,56,5,3600
"476",559,1,44,7,1800
"477",560,1,41,5,1200
"478",561,1,56,5,5040
"479",562,1,40,5,1560
"480",563,1,37,7,1440
"481",564,1,55,5,1200
"482",565,2,39,5,960
"483",566,1,33,5,2400
"484",567,1,56,3,2520
"485",568,2,23,7,900
"486",569,1,54,5,600
"487",570,1,28,5,1320
"488",572,1,58,5,1200
"489",573,1,31,7,1800
"490",574,1,59,4,2400
"491",575,2,27,6,1200
"492",576,1,44,3,1440
"493",577,2,56,3,7200
"494",578,1,32,5,1800
"495",581,1,45,4,1800
"496",583,1,37,5,3360
"497",584,1,35,5,2400
"498",585,1,29,8,600
"499",586,1,47,4,2160
"500",587,1,31,5,1800
"501",588,1,31,7,900
"502",589,1,68,3,600
"503",590,1,55,3,360
"504",592,1,39,5,1200
"505",593,1,51,5,1020
"506",595,1,43,3,2400
"507",596,1,38,5,900
"508",597,1,43,4,1800
"509",598,1,54,4,1800
"510",600,1,66,3,2400
"511",601,2,78,3,1800
"512",602,2,44,3,1200
"513",605,1,48,3,3000
"514",606,1,34,7,3600
"515",607,1,51,7,2352
"516",610,2,57,5,3600
"517",611,1,38,7,300
"518",612,1,47,5,1176
"519",613,1,41,5,2400
"520",614,1,31,7,1800
"521",616,1,38,5,1440
"522",617,1,40,5,1680
"523",618,1,67,3,1920
"524",619,1,42,3,1800
"525",620,1,43,5,1800
"526",621,1,40,5,960
"527",622,1,29,7,2400
"528",623,1,57,3,900
"529",624,1,43,4,2040
"530",625,1,49,5,1560
"531",626,1,33,8,3000
"532",627,1,30,7,2400
"533",628,1,31,7,2160
"534",629,1,32,7,8400
"535",630,1,37,6,1800
"536",631,1,42,5,4500
"537",632,2,57,2,480
"538",633,1,58,4,240
"539",634,1,44,3,1800
"540",635,1,49,5,2160
"541",636,1,60,5,2400
"542",637,2,35,5,1800
"543",638,1,49,5,1920
"544",639,1,56,3,960
"545",640,1,32,8,2400
"546",641,1,56,4,420
"547",643,1,35,5,720
"548",645,1,45,5,2160
"549",646,1,48,7,600
"550",647,1,43,7,2640
"551",648,1,48,5,1800
"552",649,1,40,5,240
"553",650,1,43,4,960
"554",652,2,25,5,1020
"555",653,2,73,3,1200
"556",654,1,48,3,828
"557",657,2,29,4,1080
"558",658,1,31,5,1944
"559",660,1,39,4,600
"560",661,2,60,3,624
"561",662,1,49,7,3480
"562",663,1,57,5,1200
"563",664,1,37,6,1980
"564",665,1,43,5,1764
"565",666,1,37,5,1440
"566",667,1,55,5,540
"567",668,1,28,6,2160
"568",669,1,37,3,4320
"569",670,1,31,5,1200
"570",671,1,56,4,84
"571",672,1,44,5,2880
"572",675,1,41,4,1800
"573",676,1,30,7,2112
"574",677,2,25,7,1200
"575",678,1,25,7,1320
"576",679,1,30,7,3000
"577",681,1,35,7,2220
"578",682,1,43,3,504
"579",683,2,34,7,6000
"580",684,1,52,5,3960
"581",685,1,51,5,480
"582",686,1,41,7,1020
"583",687,1,44,7,5040
"584",688,1,37,7,3600
"585",690,1,55,4,5400
"586",691,1,57,5,1800
"587",692,1,31,7,2760
"588",693,1,29,6,1440
"589",694,2,25,7,2400
"590",696,1,30,5,1920
"591",698,1,48,3,600
"592",699,1,35,6,2400
"593",700,1,47,6,3600
"594",701,1,28,7,3000
"595",702,1,45,5,4800
"596",703,1,42,5,1800
"597",704,1,36,5,1440
"598",705,1,44,7,1800
"599",706,1,44,4,1440
"600",707,1,40,5,4200
"601",708,1,33,5,1200
"602",709,1,50,7,2640
"603",711,1,53,5,2640
"604",712,1,59,3,1800
"605",713,1,40,7,1200
"606",715,1,41,5,1440
"607",716,1,56,5,660
"608",718,1,36,7,1200
"609",719,1,58,5,1800
"610",720,1,44,7,6360
"611",722,1,39,5,4800
"612",723,1,37,7,3000
"613",724,1,44,7,3600
"614",725,1,45,8,5520
"615",727,1,37,7,1560
"616",728,1,45,5,1920
"617",729,1,23,5,840
"618",730,1,46,5,1800
"619",731,1,58,5,2400
"620",732,2,65,4,600
"621",733,1,50,3,1200
"622",734,1,33,5,960
"623",735,1,49,3,1200
"624",736,1,67,5,4800
"625",737,1,42,5,1560
"626",738,1,35,5,1800
"627",739,1,44,5,3600
"628",740,1,41,7,2640
"629",741,1,53,7,2160
"630",742,1,43,8,6000
"631",743,1,35,7,1620
"632",745,2,34,5,1800
"633",746,1,29,5,600
"634",747,1,28,5,2400
"635",748,2,29,7,2400
"636",749,1,31,5,960
"637",750,1,54,4,2160
"638",751,1,62,7,1800
"639",752,1,35,7,2160
"640",754,1,52,5,1800
"641",755,1,34,5,2400
"642",756,1,56,3,1200
"643",757,1,56,4,1200
"644",758,2,33,5,1800
"645",759,1,35,5,1800
"646",760,1,52,7,2400
"647",761,1,52,7,2400
"648",762,1,33,7,2160
"649",763,1,51,7,2700
"650",764,1,72,5,2400
"651",765,1,44,9,24000
"652",766,1,43,8,2760
"653",768,1,38,7,2400
"654",770,1,42,5,600
"655",772,2,60,3,480
"656",775,1,37,5,2400
"657",776,1,51,7,2400
"658",777,1,41,3,1848
"659",778,1,59,8,2160
"660",782,1,37,5,1800
"661",784,1,30,7,1440
"662",785,1,56,4,1560
"663",790,1,47,5,2400
"664",792,1,41,7,2160
"665",795,1,41,5,1200
"666",799,1,42,5,1320
"667",800,1,31,5,1800
"668",808,1,18,4,840
"669",809,2,61,4,360
"670",811,1,48,4,1200
"671",812,1,30,5,960
"672",813,1,48,8,3600
"673",814,1,53,5,1800
"674",815,1,48,6,720
"675",816,1,46,7,2640
"676",819,1,37,5,1440
"677",820,1,32,7,1200
"678",821,1,39,5,2280
"679",822,1,40,5,1080
"680",823,1,38,7,1200
"681",824,1,29,7,1440
"682",825,1,50,5,840
"683",826,1,60,3,3600
"684",828,1,28,8,1200
"685",829,1,52,3,1632
"686",830,1,50,5,1200
"687",833,1,30,4,1080
"688",834,2,56,5,600
"689",836,1,28,5,1428
"690",837,1,65,3,1200
"691",838,1,57,4,1464
"692",839,1,36,5,840
"693",841,1,50,4,2640
"694",843,1,60,5,1200
"695",844,1,57,5,960
"696",845,1,41,4,1920
"697",847,1,38,5,1800
"698",849,1,28,5,2040
"699",850,1,33,5,2400
"700",851,1,37,5,2952
"701",853,1,63,4,4392
"702",858,1,55,2,2136
"703",859,1,63,4,108
"704",863,2,63,3,1500
"705",864,1,48,4,504
"706",865,1,38,8,3600
"707",866,1,56,5,3000
"708",867,1,40,7,4800
"709",868,1,40,5,4200
"710",869,1,36,5,2400
"711",870,1,36,8,3600
"712",871,1,34,6,1680
"713",872,1,30,5,1200
"714",874,1,31,5,900
"715",875,1,32,5,2160
"716",879,1,69,4,120
"717",880,1,38,4,1860
"718",881,1,38,5,1440
"719",883,1,26,5,960
"720",884,1,36,4,1320
"721",885,1,44,3,1080
"722",886,1,28,4,456
"723",887,1,53,4,600
"724",888,1,45,5,2160
"725",889,1,39,5,1740
"726",890,2,56,3,480
"727",891,1,55,5,3840
"728",892,1,31,7,1380
"729",893,2,44,4,564
"730",894,1,51,5,2928
"731",896,1,41,4,1800
"732",897,1,59,3,2220
"733",900,2,62,4,120
"734",901,1,41,4,960
"735",902,2,61,2,1140
"736",903,1,60,7,2400
"737",904,1,35,5,888
"738",905,2,37,4,408
"739",906,1,31,5,1140
"740",908,1,55,3,1200
"741",911,1,42,5,1680
"742",912,1,42,5,2424
"743",913,1,35,7,1200
"744",914,1,40,3,1200
"745",915,1,41,5,1800
"746",916,1,52,7,3000
"747",917,2,32,8,3780
"748",918,1,33,7,3000
"749",919,1,42,6,2640
"750",921,2,28,6,480
"751",923,1,31,5,840
"752",926,1,41,5,3780
"753",927,1,30,5,3000
"754",928,1,46,7,1800
"755",929,1,37,7,3600
"756",931,1,52,4,1320
"757",932,1,30,5,1320
"758",933,1,50,5,240
"759",934,2,75,3,3600
"760",935,1,48,4,2160
"761",936,1,33,4,624
"762",937,1,75,3,1800
"763",938,2,62,3,600
"764",940,1,36,5,5400
"765",941,1,56,4,2400
"766",942,2,29,5,840
"767",943,1,50,3,3000
"768",945,1,25,6,840
"769",947,1,59,4,1560
"770",948,1,32,5,1680
"771",950,2,43,4,1080
"772",951,1,50,4,804
"773",952,1,30,5,1440
"774",953,1,25,7,1320
"775",954,2,48,5,960
"776",955,2,62,2,480
"777",956,1,40,5,3000
"778",958,1,44,4,840
"779",959,1,33,5,720
"780",960,2,28,5,1200
"781",961,1,43,7,2400
"782",966,1,46,8,3000
"783",967,1,38,5,1920
"784",968,1,36,5,2160
"785",969,1,33,7,1560
"786",971,1,39,5,960
"787",972,2,46,3,3120
"788",973,1,36,3,1800
"789",974,1,39,5,2400
"790",976,1,30,7,1440
"791",977,1,27,7,1920
"792",978,1,33,5,720
"793",979,2,48,5,960
"794",980,1,36,5,3000
"795",982,1,31,7,960
"796",983,1,46,7,4800
"797",985,1,52,4,3600
"798",986,1,52,5,2880
"799",987,1,38,7,3600
"800",988,1,43,5,6000
"801",989,1,27,7,1200
"802",990,2,35,7,1200
"803",991,1,40,7,4200
"804",992,1,46,4,1200
"805",994,1,31,5,840
"806",995,1,62,2,3000
"807",996,1,51,5,3360
"808",997,1,50,8,1080
"809",998,2,37,8,2400
"810",999,1,69,4,360
"811",1000,2,62,3,1920
"812",1001,1,56,5,1320
"813",1002,1,34,5,1200
"814",1003,1,73,7,1992
"815",1004,1,38,8,1800
"816",1005,1,59,5,1884
"817",1006,1,46,3,960
"818",1007,2,26,6,960
"819",1008,1,29,7,1440
"820",1009,2,43,5,1200
"821",1010,1,53,3,960
"822",1011,1,41,3,480
"823",1012,1,32,7,1680
"824",1013,1,53,7,2400
"825",1014,1,38,4,840
"826",1015,1,34,8,3000
"827",1016,1,45,7,3600
"828",1017,1,33,8,7500
"829",1018,1,35,9,2400
"830",1019,1,32,7,5400
"831",1020,1,29,8,1800
"832",1021,1,37,7,1200
"833",1022,1,42,5,1800
"834",1023,1,62,3,7200
"835",1024,1,53,3,960
"836",1025,1,40,7,1440
"837",1026,1,29,5,1800
"838",1027,1,30,5,2400
"839",1028,1,40,5,1440
"840",1029,1,35,5,1800
"841",1030,1,50,7,2400
"842",1031,2,28,6,3600
"843",1033,1,52,5,1200
"844",1034,1,30,8,1080
"845",1036,1,45,5,2400
"846",1041,1,45,5,2640
"847",1042,1,40,9,4200
"848",1044,1,27,6,1920
"849",1046,1,38,3,1440
"850",1047,1,46,3,4320
"851",1048,2,34,7,1800
"852",1049,1,60,4,600
"853",1050,1,33,7,2400
"854",1051,1,34,7,2940
"855",1053,1,53,5,840
"856",1055,1,60,4,1800
"857",1056,1,30,5,1200
"858",1057,1,46,5,2160
"859",1058,1,36,7,2400
"860",1059,1,43,5,1800
"861",1060,1,56,3,1140
"862",1062,1,40,4,1920
"863",1063,1,41,5,1200
"864",1064,1,45,3,480
"865",1065,2,28,7,1200
"866",1066,2,42,4,756
"867",1067,1,51,7,2040
"868",1068,1,58,4,1200
"869",1069,1,50,3,1200
"870",1070,2,52,4,600
"871",1071,1,49,5,2040
"872",1072,1,40,9,4200
"873",1073,2,72,2,288
"874",1074,1,49,4,720
"875",1075,1,25,6,1200
"876",1076,2,27,6,960
"877",1077,1,56,5,3000
"878",1078,2,30,5,1800
"879",1079,1,30,5,2040
"880",1082,1,38,8,3480
"881",1083,1,29,5,360
"882",1084,1,47,4,2400
"883",1085,1,31,7,1200
"884",1086,1,31,7,1200
"885",1087,1,65,7,1200
"886",1088,1,31,5,1800
"887",1089,1,53,3,2400
"888",1090,2,24,7,1020
"889",1091,1,36,8,4800
"890",1094,1,30,5,1200
"891",1095,1,53,4,2040
"892",1096,1,32,7,2160
"893",1097,1,52,7,960
"894",1098,1,55,5,1200
"895",1100,1,31,8,3600
"896",1101,1,39,7,1800
"897",1102,1,36,5,600
"898",1103,1,39,7,3600
"899",1105,1,46,5,1800
"900",1106,1,37,8,1440
"901",1107,1,68,5,1320
"902",1108,1,49,5,3000
"903",1109,1,35,5,1200
"904",1110,1,33,5,1800
"905",1111,1,50,7,4800
"906",1112,1,52,7,9000
"907",1114,1,53,7,3600
"908",1115,1,62,7,6000
"909",1116,1,46,7,3600
"910",1117,1,42,7,6000
"911",1119,1,47,9,4560
"912",1120,1,60,7,3000
"913",1121,1,43,5,1800
"914",1122,1,27,7,2220
"915",1123,1,63,3,960
"916",1124,2,46,7,3600
"917",1125,1,43,5,1800
"918",1126,2,34,7,960
"919",1128,1,63,3,1200
"920",1129,1,39,7,6000
"921",1130,1,43,7,4200
"922",1134,1,51,7,12000
"923",1136,1,56,8,3000
"924",1137,1,48,8,3600
"925",1138,1,60,5,1200
"926",1139,1,38,6,1800
"927",1140,1,29,7,2400
"928",1141,1,40,5,2400
"929",1142,1,54,7,3216
"930",1143,1,47,7,3600
"931",1144,1,38,5,3000
"932",1145,1,52,5,1200
"933",1146,1,56,7,4200
"934",1147,2,43,5,540
"935",1148,2,55,5,480
"936",1150,2,41,4,1080
"937",1151,2,44,5,1320
"938",1152,1,62,5,840
"939",1153,1,43,7,6000
"940",1154,1,49,5,3600
"941",1155,1,51,5,2400
"942",1156,2,28,5,480
"943",1157,1,32,7,1200
"944",1158,2,28,7,2040
"945",1159,1,54,7,1680
"946",1161,1,50,3,1440
"947",1162,1,41,5,2400
"948",1164,1,51,5,1920
"949",1166,1,37,5,2400
"950",1167,1,33,8,3480
"951",1169,2,41,8,960
"952",1170,1,30,7,1680
"953",1171,1,66,2,900
"954",1172,2,27,8,1200
"955",1173,1,58,8,1440
"956",1174,1,53,7,2400
"957",1175,1,61,7,240
"958",1176,1,43,7,2160
"959",1177,1,49,7,3600
"960",1179,1,49,7,7200
"961",1180,1,46,7,3840
"962",1181,1,58,8,5400
"963",1182,1,39,7,4800
"964",1183,1,31,5,2040
"965",1184,1,47,5,1200
"966",1185,1,46,5,4500
"967",1186,1,52,5,2400
"968",1187,1,36,5,1800
"969",1188,1,46,4,1200
"970",1189,1,44,8,8400
"971",1192,1,32,7,2400
"972",1193,1,55,6,4320
"973",1194,1,45,8,12000
"974",1195,1,36,5,1440
"975",1196,1,59,4,1920
"976",1197,2,66,3,420
"977",1198,2,51,5,576
"978",1199,1,32,5,3000
"979",1200,1,24,7,600
"980",1201,1,45,6,1992
"981",1202,1,46,7,2400
"982",1203,1,45,5,2760
"983",1204,1,47,5,3000
"984",1205,1,42,6,3000
"985",1207,2,42,5,1800
"986",1208,1,45,5,2400
"987",1209,1,41,7,3000
"988",1211,1,44,5,1080
"989",1213,1,30,5,1800
"990",1215,1,56,5,1200
"991",1216,2,65,2,480
"992",1217,2,43,7,1200
"993",1218,1,48,7,4800
"994",1219,1,42,4,2040
"995",1220,1,44,5,3600
"996",1221,1,50,6,1680
"997",1222,1,41,5,2400
"998",1223,1,30,8,3600
"999",1224,1,37,5,3360
"1000",1225,1,34,5,600
"1001",1226,1,55,3,1440
"1002",1228,1,28,5,1440
"1003",1229,1,34,5,1392
"1004",1231,1,29,7,2400
"1005",1232,1,50,4,696
"1006",1233,1,43,4,1800
"1007",1234,1,49,5,1440
"1008",1235,1,55,3,2280
"1009",1236,2,56,2,408
"1010",1237,1,46,7,3600
"1011",1238,1,46,8,5280
"1012",1239,1,49,7,3600
"1013",1240,1,53,9,3600
"1014",1241,1,45,7,3600
"1015",1242,1,50,5,3600
"1016",1243,1,39,5,1800
"1017",1245,1,47,4,1380
"1018",1246,1,36,6,3600
"1019",1247,1,39,7,2400
"1020",1249,1,39,5,1800
"1021",1252,1,37,6,1200
"1022",1253,2,27,5,960
"1023",1255,1,53,5,7596
"1024",1256,2,39,5,1800
"1025",1257,1,42,5,960
"1026",1259,1,43,5,3600
"1027",1260,1,49,4,1500
"1028",1261,2,59,3,1200
"1029",1262,1,48,3,1200
"1030",1263,1,39,5,1200
"1031",1264,1,38,7,2400
"1032",1266,1,43,5,2400
"1033",1267,1,45,7,2400
"1034",1269,1,40,8,4800
"1035",1270,1,40,9,5880
"1036",1271,1,45,7,4560
"1037",1272,2,45,7,6000
"1038",1274,1,34,7,4200
"1039",1275,1,51,5,2400
"1040",1276,2,75,2,1560
"1041",1277,1,27,6,1560
"1042",1278,2,55,4,1680
"1043",1279,1,61,5,840
"1044",1280,1,38,7,2400
"1045",1281,1,38,7,1800
"1046",1282,1,31,5,1440
"1047",1283,1,43,5,8400
"1048",1284,1,41,7,2880
"1049",1285,1,50,8,3300
"1050",1286,1,61,5,1800
"1051",1287,1,56,5,4392
"1052",1288,1,49,5,3000
"1053",1289,1,51,7,3600
"1054",1290,1,46,8,3000
"1055",1291,1,53,5,2040
"1056",1292,1,39,5,1320
"1057",1293,1,38,5,1440
"1058",1294,1,40,7,2880
"1059",1295,1,44,5,1200
"1060",1296,2,43,6,1800
"1061",1297,1,48,8,5400
"1062",1298,1,40,4,3000
"1063",1299,1,45,8,5400
"1064",1300,1,51,7,3600
"1065",1302,1,42,7,4200
"1066",1303,1,35,7,2040
"1067",1304,1,44,7,1800
"1068",1305,2,44,5,1680
"1069",1306,1,37,6,2160
"1070",1308,1,43,5,2400
"1071",1309,1,33,6,2160
"1072",1310,1,32,4,840
"1073",1313,1,61,5,360
"1074",1314,2,60,2,1200
"1075",1317,1,38,7,5400
"1076",1318,1,42,7,2400
"1077",1319,1,42,5,3000
"1078",1320,1,37,6,1800
"1079",1321,2,53,2,360
"1080",1322,2,57,3,1200
"1081",1323,1,50,5,1800
"1082",1324,1,41,5,1200
"1083",1325,1,32,7,1800
"1084",1326,1,38,7,1440
"1085",1327,1,66,3,1020
"1086",1328,1,58,3,600
"1087",1331,1,44,7,1440
"1088",1332,1,56,5,1560
"1089",1333,2,70,5,2400
"1090",1334,1,36,5,2400
"1091",1335,1,50,4,1800
"1092",1338,1,71,4,4800
"1093",1340,1,46,3,1800
"1094",1341,1,61,4,1200
"1095",1342,1,55,7,1440
"1096",1343,1,69,7,1200
"1097",1344,1,32,5,2400
"1098",1345,1,37,5,1800
"1099",1346,2,49,4,1800
"1100",1347,1,36,7,1800
"1101",1348,1,40,5,2760
"1102",1349,1,42,7,3000
"1103",1350,1,39,5,360
"1104",1351,1,40,5,2400
"1105",1352,1,44,4,1200
"1106",1353,2,53,5,1200
"1107",1354,1,22,5,720
"1108",1355,1,38,5,2112
"1109",1356,1,42,5,1800
"1110",1357,1,33,5,3000
"1111",1358,2,69,3,2100
"1112",1359,1,63,7,5520
"1113",1360,1,47,5,1800
"1114",1361,1,40,7,4800
"1115",1362,1,43,4,2400
"1116",1363,1,61,4,1200
"1117",1364,2,62,2,192
"1118",1365,1,49,3,720
"1119",1366,1,45,7,3480
"1120",1367,1,32,7,1200
"1121",1368,1,47,5,1560
"1122",1369,1,26,7,480
"1123",1372,2,60,3,1560
"1124",1373,1,59,5,3000
"1125",1375,1,35,5,3600
"1126",1376,2,20,5,840
"1127",1378,2,24,5,600
"1128",1379,1,35,7,2400
"1129",1380,1,52,3,1200
"1130",1381,1,62,5,600
"1131",1382,1,62,3,840
"1132",1383,1,40,5,3000
"1133",1384,1,48,7,1320
"1134",1385,1,61,8,6000
"1135",1388,1,35,7,1800
"1136",1390,1,65,3,1200
"1137",1391,2,58,3,1800
"1138",1392,1,48,3,840
"1139",1394,2,48,4,1560
"1140",1395,1,44,3,1200
"1141",1400,1,55,3,360
"1142",1401,1,51,4,2400
"1143",1402,1,62,5,3600
"1144",1403,2,41,3,720
"1145",1404,1,27,5,696
"1146",1405,1,53,4,1560
"1147",1407,1,45,4,636
"1148",1408,1,50,5,1320
"1149",1409,1,60,3,636
"1150",1410,2,50,3,720
"1151",1411,1,46,5,2040
"1152",1412,1,49,5,2400
"1153",1413,1,56,3,552
"1154",1414,2,49,2,1560
"1155",1415,1,50,4,1380
"1156",1416,1,49,5,1800
"1157",1418,1,47,5,2640
"1158",1419,1,38,7,2400
"1159",1420,1,45,5,5400
"1160",1421,1,50,6,2760
"1161",1422,1,73,4,2760
"1162",1423,1,63,2,1200
"1163",1425,1,51,3,2880
"1164",1428,1,30,5,840
"1165",1429,1,66,4,240
"1166",1431,1,39,4,1380
"1167",1432,1,81,2,600
"1168",1433,1,43,5,2280
"1169",1434,1,43,5,3000
"1170",1435,1,50,5,3000
"1171",1436,1,57,5,3600
"1172",1437,1,36,5,3000
"1173",1438,1,54,3,240
"1174",1439,2,37,4,600
"1175",1440,2,39,3,480
"1176",1442,2,60,3,600
"1177",1444,2,57,5,480
"1178",1447,1,34,4,3000
"1179",1448,1,44,5,456
"1180",1449,1,41,4,1200
"1181",1450,1,43,5,1800
"1182",1451,1,44,4,2244
"1183",1453,1,62,3,1080
"1184",1455,1,29,5,1800
"1185",1456,2,64,2,600
"1186",1458,1,67,4,492
"1187",1459,1,56,3,1140
"1188",1460,2,40,4,2400
"1189",1461,1,67,3,1800
"1190",1462,1,66,4,1680
"1191",1463,1,50,3,2640
"1192",1464,1,42,4,1200
"1193",1465,1,37,7,2640
"1194",1466,1,42,4,1176
"1195",1467,2,57,3,900
"1196",1468,1,41,4,780
"1197",1469,1,38,4,1200
"1198",1470,1,51,4,1440
"1199",1471,1,42,4,960
"1200",1472,1,58,3,1560
"1201",1473,1,40,5,1800
"1202",1474,1,58,3,1800
"1203",1475,1,49,4,840
"1204",1476,1,30,6,1560
"1205",1478,1,39,5,3900
"1206",1479,1,51,4,720
"1207",1480,1,49,4,2640
"1208",1482,1,26,7,1200
"1209",1483,1,30,7,1320
"1210",1486,1,45,4,1560
"1211",1487,1,49,4,1680
"1212",1488,1,49,4,1500
"1213",1489,2,59,3,420
"1214",1490,1,51,5,360
"1215",1491,1,36,5,540
"1216",1492,1,67,2,1560
"1217",1493,1,37,5,2400
"1218",1494,1,50,3,1920
"1219",1495,1,48,5,1800
"1220",1496,1,46,4,2160
"1221",1499,1,40,4,720
"1222",1502,1,46,4,1800
"1223",1503,1,36,5,1800
"1224",1504,2,39,4,360
"1225",1505,2,39,5,360
"1226",1506,2,39,4,420
"1227",1508,1,38,4,1044
"1228",1509,1,62,9,3060
"1229",1510,2,38,5,960
"1230",1512,1,28,6,2220
"1231",1513,1,85,2,480
"1232",1514,1,56,7,6000
"1233",1515,1,51,5,1200
"1234",1516,1,58,5,780
"1235",1517,1,40,5,1200
"1236",1518,1,66,5,960
"1237",1520,1,57,3,1440
"1238",1521,1,48,6,2100
"1239",1522,1,51,5,2400
"1240",1523,1,32,5,1200
"1241",1525,1,37,5,1800
"1242",1526,1,43,3,468
"1243",1527,1,59,4,1200
"1244",1528,1,45,7,1680
"1245",1529,1,47,9,6000
"1246",1530,1,53,7,3600
"1247",1531,1,52,7,14400
"1248",1532,1,57,7,2040
"1249",1533,1,48,7,2280
"1250",1534,1,45,5,2400
"1251",1535,1,42,4,2256
"1252",1536,1,50,3,1800
"1253",1537,1,63,7,1596
"1254",1539,1,45,7,2100
"1255",1540,1,50,5,3000
"1256",1541,1,40,5,2400
"1257",1542,1,46,3,3600
"1258",1544,1,44,5,2280
"1259",1545,1,41,4,1440
"1260",1546,1,43,5,1260
"1261",1547,1,66,4,480
"1262",1548,1,51,5,2064
"1263",1549,1,54,8,3120
"1264",1550,1,44,4,1560
"1265",1551,1,43,5,2400
"1266",1553,1,38,6,2280
"1267",1554,1,42,7,1800
"1268",1555,1,43,5,1200
"1269",1556,2,68,3,480
"1270",1557,1,48,4,2400
"1271",1558,2,83,4,3000
"1272",1559,1,59,5,2400
"1273",1560,1,60,7,1080
"1274",1561,1,41,7,3600
"1275",1563,1,54,4,2160
"1276",1564,1,37,4,2400
"1277",1565,1,27,5,1680
"1278",1566,2,24,7,180
"1279",1567,1,37,3,1440
"1280",1568,1,53,4,720
"1281",1570,1,42,4,900
"1282",1572,1,46,3,600
"1283",1574,2,69,3,1200
"1284",1575,1,36,5,1800
"1285",1576,2,57,3,1200
"1286",1577,1,44,3,1200
"1287",1578,1,59,4,1020
"1288",1579,1,29,4,180
"1289",1580,1,40,5,1500
"1290",1583,1,44,5,1800
"1291",1585,1,53,3,480
"1292",1586,2,66,2,1248
"1293",1587,1,75,3,1440
"1294",1588,1,53,3,1800
"1295",1589,1,33,5,1392
"1296",1590,1,38,4,1080
"1297",1591,1,35,6,1680
"1298",1592,1,38,7,960
"1299",1593,1,34,5,2400
"1300",1595,1,29,7,1560
"1301",1597,1,39,5,720
"1302",1598,1,46,5,1800
"1303",1599,1,46,5,4200
"1304",1600,2,36,4,3600
"1305",1601,1,31,4,1560
"1306",1602,2,50,5,1440
"1307",1603,1,48,4,1200
"1308",1604,1,50,4,1800
"1309",1605,1,51,4,2400
"1310",1606,1,45,5,1800
"1311",1608,1,48,4,2400
"1312",1609,1,54,4,600
"1313",1610,1,39,5,2280
"1314",1611,2,43,5,960
"1315",1613,1,70,8,480
"1316",1614,1,53,4,3120
"1317",1615,1,29,7,2160
"1318",1617,1,37,8,3600
"1319",1618,1,42,7,1200
"1320",1619,1,52,5,1800
"1321",1620,1,39,3,1800
"1322",1622,1,50,5,2400
"1323",1623,1,36,5,1680
"1324",1626,1,71,4,1080
"1325",1627,1,40,5,1560
"1326",1628,2,59,3,1800
"1327",1630,1,31,5,1440
"1328",1631,1,50,3,3000
"1329",1632,2,51,3,1080
"1330",1633,1,28,5,3000
"1331",1635,1,33,5,1200
"1332",1636,1,40,4,960
"1333",1637,1,29,5,720
"1334",1638,1,75,2,2400
"1335",1639,1,50,4,792
"1336",1640,1,54,3,540
"1337",1641,1,37,4,720
"1338",1642,2,20,3,960
"1339",1643,2,73,2,240
"1340",1644,1,54,4,2400
"1341",1645,1,32,7,1560
"1342",1647,1,46,7,3000
"1343",1648,1,38,7,2640
"1344",1649,1,55,4,960
"1345",1650,1,47,4,960
"1346",1651,1,63,4,696
"1347",1652,1,50,7,1200
"1348",1653,2,56,3,1800
"1349",1654,1,42,5,1200
"1350",1655,1,54,5,3600
"1351",1656,1,42,5,1200
"1352",1657,1,35,5,3720
"1353",1658,1,57,7,1800
"1354",1659,1,38,5,2400
"1355",1664,1,51,4,2400
"1356",1666,1,60,5,960
"1357",1667,1,42,4,1440
"1358",1668,1,47,7,4800
"1359",1669,1,55,5,6000
"1360",1670,1,43,8,3600
"1361",1671,1,45,5,2640
"1362",1672,1,46,5,3000
"1363",1673,1,40,4,2124
"1364",1674,1,42,4,960
"1365",1675,2,29,5,1800
"1366",1676,2,49,3,1440
"1367",1677,1,44,4,1560
"1368",1678,2,55,3,1320
"1369",1679,1,51,3,720
"1370",1680,1,36,5,1920
"1371",1681,2,57,2,768
"1372",1682,1,42,3,2160
"1373",1683,1,52,4,804
"1374",1684,1,57,3,1440
"1375",1685,1,34,7,1920
"1376",1686,1,32,5,1200
"1377",1687,1,34,4,480
"1378",1688,1,38,5,2160
"1379",1689,1,53,4,1032
"1380",1690,1,39,5,1536
"1381",1691,1,34,5,960
"1382",1692,1,41,7,720
"1383",1694,1,39,5,2160
"1384",1695,1,57,7,1200
"1385",1696,2,59,2,480
"1386",1697,2,59,5,1200
"1387",1699,1,43,4,2040
"1388",1701,1,27,4,1680
"1389",1703,1,36,4,360
"1390",1704,1,44,4,1320
"1391",1705,1,43,4,1632
"1392",1706,2,47,3,1200
"1393",1707,1,31,5,1200
"1394",1708,1,47,4,960
"1395",1709,1,26,5,1440
"1396",1710,1,48,5,2040
"1397",1712,2,60,3,240
"1398",1713,2,26,5,600
"1399",1715,2,49,3,540
"1400",1716,1,46,4,840
"1401",1717,1,45,3,1200
"1402",1718,1,42,4,3300
"1403",1719,1,57,5,4080
"1404",1720,1,65,4,720
"1405",1722,2,40,5,2400
"1406",1724,1,31,5,1200
"1407",1725,1,48,5,1800
"1408",1726,2,38,4,960
"1409",1727,1,41,5,1800
"1410",1728,1,72,2,2400
"1411",1730,1,78,2,2196
"1412",1731,1,43,5,540
"1413",1732,1,46,5,600
"1414",1733,1,37,5,3840
"1415",1734,1,60,3,1200
"1416",1736,1,46,4,2268
"1417",1737,1,51,4,480
"1418",1738,1,30,5,600
"1419",1740,1,40,5,1416
"1420",1741,1,42,5,1200
"1421",1742,2,46,5,1440
"1422",1743,1,41,6,1080
"1423",1744,1,50,3,2280
"1424",1745,1,35,7,1800
"1425",1746,1,35,4,1200
"1426",1748,1,65,3,600
"1427",1749,1,42,4,720
"1428",1750,1,74,2,540
"1429",1751,2,63,2,1440
"1430",1752,2,53,3,468
"1431",1753,1,45,5,2520
"1432",1754,1,45,4,2040
"1433",1755,1,50,4,2400
"1434",1756,1,44,3,1800
"1435",1757,1,36,5,1008
"1436",1758,1,36,5,1440
"1437",1759,1,38,3,2256
"1438",1760,1,48,5,2400
"1439",1762,1,69,3,1200
"1440",1763,1,36,8,4560
"1441",1764,2,54,3,936
"1442",1765,2,37,5,1260
"1443",1767,1,34,7,3600
"1444",1769,1,41,5,4320
"1445",1770,1,34,7,1080
"1446",1771,1,43,5,2400
"1447",1772,1,41,8,4080
"1448",1775,1,40,7,3000
"1449",1776,1,32,5,1140
"1450",1777,1,36,2,1320
"1451",1778,1,38,5,3552
"1452",1780,1,42,5,960
"1453",1781,1,56,7,1440
"1454",1782,1,35,5,1200
"1455",1783,2,45,7,3600
"1456",1784,1,46,7,6000
"1457",1785,1,48,7,3480
"1458",1787,1,61,8,3000
"1459",1788,1,61,7,2640
"1460",1789,1,37,8,2376
"1461",1790,1,44,6,3120
"1462",1791,1,70,3,2760
"1463",1792,1,65,4,1740
"1464",1793,1,48,4,1560
"1465",1794,1,58,7,4800
"1466",1796,1,42,5,1320
"1467",1798,1,51,5,1560
"1468",1799,1,24,7,1680
"1469",1800,1,27,7,360
"1470",1801,1,68,3,1200
"1471",1803,2,42,5,1200
"1472",1804,2,51,2,696
"1473",1805,2,44,3,480
"1474",1806,1,24,4,360
"1475",1808,1,31,5,1080
"1476",1810,1,35,5,3840
"1477",1812,2,58,2,540
"1478",1813,1,50,3,1920
"1479",1814,1,58,3,600
"1480",1815,1,31,5,1320
"1481",1816,1,36,5,2076
"1482",1817,1,43,4,1800
"1483",1818,1,29,5,1200
"1484",1819,2,40,5,720
"1485",1822,1,40,4,1800
"1486",1823,1,34,7,1800
"1487",1824,1,60,5,1800
"1488",1826,1,45,5,2400
"1489",1827,1,30,5,1440
"1490",1828,1,44,5,2400
"1491",1830,1,26,5,816
"1492",1831,1,47,4,1200
"1493",1832,1,60,3,1920
"1494",1833,1,34,7,7200
"1495",1834,1,52,7,1440
"1496",1835,2,60,5,2400
"1497",1837,1,39,4,1560
"1498",1838,1,34,7,1800
"1499",1839,1,33,7,1320
"1500",1840,1,35,7,1920
"1501",1841,1,35,7,1560
"1502",1842,1,33,7,1800
"1503",1843,1,39,4,1800
"1504",1844,2,63,3,720
"1505",1845,1,46,3,780
"1506",1846,1,39,5,1200
"1507",1849,1,73,3,2400
"1508",1850,2,51,5,1800
"1509",1851,1,58,5,2400
"1510",1852,1,59,3,876
"1511",1853,1,45,4,1800
"1512",1854,1,54,5,1200
"1513",1855,2,54,3,960
"1514",1856,1,28,5,1080
"1515",1858,1,40,5,1632
"1516",1859,1,55,3,360
"1517",1860,2,52,3,600
"1518",1861,1,31,7,1560
"1519",1862,1,59,3,1200
"1520",1863,2,24,5,1200
"1521",1864,1,63,5,2400
"1522",1867,1,42,5,1920
"1523",1868,1,43,5,1440
"1524",1869,1,52,4,1020
"1525",1870,1,41,5,1200
"1526",1871,1,57,5,1320
"1527",1872,2,65,2,1440
"1528",1873,1,51,4,2280
"1529",1874,1,35,8,5160
"1530",1875,1,54,4,1680
"1531",1876,1,49,5,1680
"1532",1877,1,56,4,1200
"1533",1878,1,51,7,1800
"1534",1879,1,43,4,840
"1535",1880,1,28,6,2160
"1536",1881,1,33,8,1560
"1537",1884,2,62,4,600
"1538",1887,1,50,3,2400
"1539",1888,1,35,5,1200
"1540",1889,1,66,5,420
"1541",1890,1,56,5,1200
"1542",1891,1,52,4,2700
"1543",1892,1,48,5,960
"1544",1894,2,47,5,720
"1545",1895,1,30,5,840
"1546",1896,1,53,5,3600
"1547",1897,2,74,3,4200
"1548",1898,1,39,3,600
"1549",1899,1,46,5,2400
"1550",1900,1,55,4,1980
"1551",1901,1,39,4,1200
"1552",1902,1,58,4,3000
"1553",1903,1,44,4,840
"1554",1904,2,42,3,840
"1555",1905,1,47,3,900
"1556",1906,2,37,3,360
"1557",1909,1,50,4,2280
"1558",1910,1,42,5,3000
"1559",1911,2,77,2,3600
"1560",1912,1,51,7,2400
"1561",1914,1,31,5,960
"1562",1915,1,53,4,1260
"1563",1916,1,49,5,1620
"1564",1917,1,30,5,1200
"1565",1918,1,65,3,720
"1566",1919,1,30,7,2760
"1567",1920,1,33,7,2400
"1568",1922,1,42,6,2400
"1569",1925,1,61,3,720
"1570",1928,2,42,4,360
"1571",1929,1,48,4,2400
"1572",1930,1,53,5,600
"1573",1931,1,60,3,1440
"1574",1932,1,50,3,2400
"1575",1933,1,38,4,600
"1576",1934,1,62,3,720
"1577",1935,1,48,3,720
"1578",1936,1,39,6,1800
"1579",1939,1,37,7,1560
"1580",1940,1,56,4,3600
"1581",1942,2,39,4,720
"1582",1943,1,40,4,840
"1583",1944,1,27,4,1200
"1584",1945,1,39,3,960
"1585",1946,1,25,5,3120
"1586",1947,1,41,3,1800
"1587",1948,1,47,5,1440
"1588",1949,2,76,2,3240
"1589",1950,1,48,5,1680
"1590",1951,1,36,5,2700
"1591",1952,1,44,5,600
"1592",1953,1,30,5,960
"1593",1954,1,27,5,1020
"1594",1956,1,47,4,1920
"1595",1958,1,80,2,1560
"1596",1961,1,67,8,960
"1597",1962,2,66,2,1800
"1598",1963,1,31,4,2028
"1599",1965,1,36,4,1200
"1600",1966,1,39,3,540
"1601",1967,1,33,5,1200
"1602",1968,1,43,5,1200
"1603",1969,1,26,6,1200
"1604",1970,1,43,7,3600
"1605",1971,1,43,5,1080
"1606",1972,1,53,5,2400
"1607",1973,1,30,4,1020
"1608",1974,1,51,4,600
"1609",1975,1,47,5,960
"1610",1976,1,62,5,120
"1611",1977,2,25,5,780
"1612",1978,2,35,5,1632
"1613",1979,1,54,5,600
"1614",1980,1,50,3,1500
"1615",1981,1,42,6,1320
"1616",1982,1,31,7,1800
"1617",1983,1,39,6,1800
"1618",1984,1,41,5,2400
"1619",1986,1,34,6,1200
"1620",1987,1,48,5,2400
"1621",1988,1,32,4,2400
"1622",1989,1,43,7,2520
"1623",1990,1,41,5,2400
"1624",1991,1,57,3,3480
"1625",1992,1,42,5,720
"1626",1993,1,28,6,1080
"1627",1994,2,55,3,1080
"1628",1995,1,48,5,840
"1629",1997,1,42,5,600
"1630",1998,1,61,4,840
"1631",1999,1,58,5,960
"1632",2001,2,49,3,360
"1633",2002,1,36,5,960
"1634",2004,1,65,3,540
"1635",2005,2,48,3,780
"1636",2006,2,46,3,1200
"1637",2008,1,48,4,840
"1638",2009,2,46,4,900
"1639",2010,1,37,4,1800
"1640",2011,1,28,7,2640
"1641",2012,1,44,5,3600
"1642",2013,1,33,5,1320
"1643",2015,2,53,2,600
"1644",2016,1,55,6,4800
"1645",2017,1,45,5,2400
"1646",2018,1,46,5,1800
"1647",2019,1,48,5,1560
"1648",2020,1,40,5,1560
"1649",2021,1,42,5,1800
"1650",2024,1,49,3,1560
"1651",2025,1,43,4,1800
"1652",2027,1,56,4,2400
"1653",2030,1,29,7,720
"1654",2031,1,40,6,3000
"1655",2032,1,35,7,3600
"1656",2034,1,33,5,2040
"1657",2035,1,61,4,1200
"1658",2036,1,47,4,1800
"1659",2037,1,32,5,1200
"1660",2038,2,66,3,1440
"1661",2039,2,59,3,840
"1662",2040,1,43,5,2400
"1663",2041,1,64,2,1200
"1664",2042,1,48,3,480
"1665",2043,1,48,5,1200
"1666",2044,1,52,7,2400
"1667",2045,1,61,6,2400
"1668",2046,1,51,6,2040
"1669",2047,1,54,7,1800
"1670",2048,1,40,6,600
"1671",2050,1,41,5,2400
"1672",2051,1,42,5,2400
"1673",2052,1,33,7,2400
"1674",2055,2,49,4,1200
"1675",2056,1,28,7,1200
"1676",2057,1,35,4,1440
"1677",2058,2,37,5,1800
"1678",2059,1,44,7,3600
"1679",2060,2,63,4,840
"1680",2061,1,42,5,960
"1681",2062,1,61,5,3600
"1682",2064,1,43,4,720
"1683",2065,2,36,5,1800
"1684",2066,1,67,5,840
"1685",2067,1,40,4,840
"1686",2068,1,38,7,2712
"1687",2069,1,36,5,960
"1688",2070,1,41,7,2400
"1689",2071,1,37,7,2400
"1690",2072,1,32,7,3000
"1691",2073,1,36,4,720
"1692",2074,1,51,5,3216
"1693",2075,1,59,4,2880
"1694",2076,1,37,5,1200
"1695",2078,2,60,3,1392
"1696",2079,1,38,7,3600
"1697",2080,1,57,7,3600
"1698",2081,1,43,5,1680
"1699",2083,1,33,5,600
"1700",2085,1,59,4,1800
"1701",2086,1,49,5,1200
"1702",2087,1,33,7,1200
"1703",2090,2,53,3,1200
"1704",2091,1,65,2,888
"1705",2092,2,50,3,840
"1706",2093,1,63,7,3828
"1707",2094,2,43,5,600
"1708",2095,1,42,7,2160
"1709",2096,1,51,5,2400
"1710",2097,1,35,7,4440
"1711",2098,1,57,3,960
"1712",2099,1,58,4,1200
"1713",2100,1,52,4,1440
"1714",2101,1,24,5,2040
"1715",2102,1,33,5,1800
"1716",2103,2,49,3,1704
"1717",2104,2,64,2,72
"1718",2105,1,45,3,960
"1719",2106,1,60,4,2400
"1720",2107,1,39,7,372
"1721",2108,1,40,6,1800
"1722",2109,1,54,5,1200
"1723",2110,1,39,5,600
"1724",2111,1,73,3,360
"1725",2112,1,54,5,2040
"1726",2113,1,31,5,1920
"1727",2115,1,56,7,2400
"1728",2116,1,41,3,840
"1729",2117,1,40,4,1200
"1730",2118,1,57,5,4200
"1731",2119,1,48,4,960
"1732",2120,1,47,5,1800
"1733",2121,1,52,7,2400
"1734",2122,1,36,7,3600
"1735",2123,1,36,8,3840
"1736",2124,1,51,5,1200
"1737",2125,2,37,7,2400
"1738",2126,1,38,7,2400
"1739",2127,1,36,7,1800
"1740",2128,1,40,6,2400
"1741",2129,1,39,6,1560
"1742",2130,1,46,7,3360
"1743",2131,1,80,5,1080
"1744",2132,2,72,2,3720
"1745",2133,2,25,6,1032
"1746",2134,1,40,5,1560
"1747",2135,2,72,2,1200
"1748",2136,1,38,5,1200
"1749",2137,1,57,4,2160
"1750",2138,1,45,3,1200
"1751",2140,1,41,4,1860
"1752",2141,1,47,5,1200
"1753",2142,1,42,6,1176
"1754",2143,1,32,6,1440
"1755",2144,1,45,5,936
"1756",2145,1,59,7,4200
"1757",2146,1,34,5,3600
"1758",2147,1,38,5,1032
"1759",2148,1,32,5,1440
"1760",2149,1,32,4,960
"1761",2151,1,41,5,3600
"1762",2152,2,42,4,1680
"1763",2153,1,30,5,840
"1764",2154,1,40,3,600
"1765",2155,1,55,4,1800
"1766",2156,2,73,2,2400
"1767",2158,1,80,2,120
"1768",2159,1,76,2,180
"1769",2160,1,37,3,960
"1770",2161,1,49,3,1800
"1771",2162,2,60,5,360
"1772",2163,1,46,4,840
"1773",2164,1,30,5,1200
"1774",2165,1,64,3,1800
"1775",2167,1,59,3,600
"1776",2168,1,45,5,1800
"1777",2170,1,34,5,1800
"1778",2171,1,55,4,1560
"1779",2173,2,38,5,840
"1780",2174,1,42,4,1680
"1781",2175,2,48,3,192
"1782",2177,1,52,3,1920
"1783",2179,1,32,5,840
"1784",2181,1,69,3,1080
"1785",2182,1,48,3,300
"1786",2183,1,41,5,1680
"1787",2184,1,32,5,1800
"1788",2185,1,44,5,1200
"1789",2186,1,41,5,2076
"1790",2187,1,57,4,1344
"1791",2188,1,48,7,4080
"1792",2189,1,42,4,1800
"1793",2190,1,53,4,1260
"1794",2191,1,48,5,1800
"1795",2192,1,43,5,720
"1796",2193,1,55,5,2232
"1797",2194,1,35,7,1320
"1798",2195,1,36,5,2400
"1799",2196,2,29,5,936
"1800",2197,1,28,7,1920
"1801",2198,1,42,6,780
"1802",2199,1,52,5,2100
"1803",2200,1,27,5,1800
"1804",2201,1,55,5,2280
"1805",2202,1,61,3,1752
"1806",2203,1,39,5,2400
"1807",2204,1,43,5,900
"1808",2205,1,31,7,600
"1809",2206,1,40,9,2220
"1810",2207,1,58,7,8100
"1811",2209,2,52,4,3360
"1812",2210,1,48,7,3300
"1813",2211,1,40,4,1320
"1814",2212,1,83,3,3600
"1815",2213,1,54,5,1596
"1816",2214,1,29,5,240
"1817",2215,1,60,4,648
"1818",2216,1,47,5,3000
"1819",2217,1,24,5,2280
"1820",2218,1,42,5,1800
"1821",2219,1,36,4,492
"1822",2220,1,44,4,2040
"1823",2221,2,62,3,720
"1824",2222,1,26,6,360
"1825",2223,2,60,3,2160
"1826",2224,2,46,4,600
"1827",2225,1,45,6,4200
"1828",2226,1,69,3,1200
"1829",2227,1,31,7,2400
"1830",2229,1,32,6,960
"1831",2230,1,61,5,720
"1832",2231,1,31,5,1200
"1833",2232,1,37,7,4800
"1834",2233,1,29,7,1848
"1835",2234,2,43,5,1080
"1836",2235,1,38,6,3960
"1837",2236,1,41,8,840
"1838",2237,1,49,5,1200
"1839",2238,1,55,4,2520
"1840",2239,1,61,4,3048
"1841",2240,1,57,3,2400
"1842",2241,1,61,8,1920
"1843",2242,1,42,6,3240
"1844",2243,1,43,3,480
"1845",2244,1,56,3,960
"1846",2246,1,51,5,3480
"1847",2247,1,71,7,600
"1848",2248,1,30,6,2160
"1849",2249,1,40,5,1440
"1850",2250,1,47,4,6000
"1851",2251,1,37,6,2400
"1852",2252,1,44,5,1440
"1853",2253,1,29,5,7200
"1854",2255,1,33,7,3000
"1855",2258,1,52,7,3240
"1856",2259,1,48,5,1440
"1857",2263,1,31,5,1704
"1858",2265,1,31,5,2400
"1859",2266,1,24,6,900
"1860",2267,1,36,7,1560
"1861",2268,1,28,5,2400
"1862",2270,1,27,5,1560
"1863",2271,1,43,6,2400
"1864",2272,1,35,5,1920
"1865",2273,1,57,4,2400
"1866",2275,1,31,5,3000
"1867",2276,2,47,3,1200
"1868",2278,1,36,6,1440
"1869",2279,1,56,6,600
"1870",2280,1,39,7,1320
"1871",2281,1,36,7,2400
"1872",2283,1,47,6,2160
"1873",2284,1,36,7,720
"1874",2285,1,36,5,600
"1875",2286,1,34,4,1140
"1876",2287,1,30,6,1200
"1877",2288,1,43,4,960
"1878",2289,1,43,5,2040
"1879",2290,1,67,5,1200
"1880",2291,1,30,5,1800
"1881",2292,1,30,5,840
"1882",2293,1,44,5,3600
"1883",2295,1,33,4,1200
"1884",2297,1,43,5,1860
"1885",2299,1,45,3,840
"1886",2303,1,38,4,1800
"1887",2304,1,43,5,1140
"1888",2307,1,46,3,1800
"1889",2308,1,47,4,1080
"1890",2309,1,39,3,1800
"1891",2313,1,65,2,1440
"1892",2315,1,76,2,600
"1893",2317,1,36,5,1800
"1894",2318,1,30,5,1200
"1895",2320,1,40,4,780
"1896",2321,1,37,7,1440
"1897",2323,1,75,2,2400
"1898",2324,2,69,3,120
"1899",2325,1,31,5,1260
"1900",2326,1,72,4,1500
"1901",2327,1,58,5,1800
"1902",2328,1,30,4,1320
"1903",2329,1,31,5,2280
"1904",2330,1,46,5,1020
"1905",2332,1,39,5,1200
"1906",2333,1,50,5,1920
"1907",2334,2,62,2,900
"1908",2335,1,41,7,720
"1909",2336,1,50,5,1680
"1910",2337,1,48,4,1440
"1911",2338,1,52,3,600
"1912",2339,1,65,3,1500
"1913",2341,1,55,3,2400
"1914",2342,1,60,4,360
"1915",2344,1,57,5,1440
"1916",2346,1,59,5,1440
"1917",2347,1,58,3,360
"1918",2348,1,69,5,2640
"1919",2349,1,45,5,1440
"1920",2350,1,57,3,1200
"1921",2351,1,37,5,2400
"1922",2352,1,37,5,1440
"1923",2353,1,42,6,3300
"1924",2354,1,43,7,3600
"1925",2355,1,40,8,2040
"1926",2356,1,53,7,480
"1927",2357,1,40,5,4800
"1928",2358,1,47,5,24000
"1929",2359,2,28,5,720
"1930",2360,1,60,4,3360
"1931",2361,1,37,3,600
"1932",2362,1,38,5,1800
"1933",2363,1,42,3,1440
"1934",2364,1,47,7,1800
"1935",2365,2,66,2,2040
"1936",2366,2,43,5,1200
"1937",2367,2,38,4,660
"1938",2368,2,53,3,840
"1939",2369,1,54,3,960
"1940",2372,1,52,4,3180
"1941",2374,1,27,5,2280
"1942",2375,1,34,4,960
"1943",2376,1,37,5,600
"1944",2377,1,32,5,1440
"1945",2378,1,47,5,2400
"1946",2379,1,42,7,3600
"1947",2380,1,49,5,3600
"1948",2381,1,46,5,3000
"1949",2382,1,53,4,2400
"1950",2383,1,35,7,3600
"1951",2384,1,55,4,2160
"1952",2385,1,32,5,1440
"1953",2386,1,28,5,2400
"1954",2388,1,52,5,1440
"1955",2389,1,46,5,2280
"1956",2390,1,43,4,1440
"1957",2391,1,52,4,3600
"1958",2392,1,57,5,1080
"1959",2394,1,57,2,960
"1960",2395,1,50,5,3024
"1961",2396,1,64,7,600
"1962",2397,1,35,5,2424
"1963",2398,1,59,5,1284
"1964",2399,1,44,5,2400
"1965",2400,1,64,3,600
"1966",2401,1,59,3,1236
"1967",2403,1,36,6,2040
"1968",2404,1,35,5,1440
"1969",2405,1,36,7,1920
"1970",2407,1,31,7,1440
"1971",2408,1,42,5,1740
"1972",2409,1,60,4,3336
"1973",2410,1,46,4,1440
"1974",2411,1,26,7,1080
"1975",2412,1,81,6,2400
"1976",2414,1,51,5,1560
"1977",2415,2,43,4,960
"1978",2416,1,29,5,600
"1979",2417,1,30,5,1320
"1980",2418,1,63,3,480
"1981",2419,1,45,7,3360
"1982",2420,1,42,5,1560
"1983",2421,1,73,2,1320
"1984",2422,1,37,4,1080
"1985",2423,1,62,4,960
"1986",2424,1,45,5,1524
"1987",2425,1,45,4,5400
"1988",2426,1,49,4,672
"1989",2427,2,41,4,360
"1990",2428,1,40,6,1968
"1991",2429,1,34,5,1080
"1992",2431,1,43,5,2880
"1993",2432,1,41,5,960
"1994",2433,1,29,5,2052
"1995",2434,1,30,7,1080
"1996",2435,1,36,5,2640
"1997",2436,1,46,5,840
"1998",2437,1,45,5,1800
"1999",2438,1,52,5,2400
"2000",2440,1,19,6,1440
"2001",2441,1,48,5,4320
"2002",2442,1,43,3,1680
"2003",2443,1,39,6,3000
"2004",2444,1,68,3,1020
"2005",2446,1,68,3,2760
"2006",2447,1,27,5,1080
"2007",2448,1,32,5,960
"2008",2449,1,40,5,2760
"2009",2450,2,50,3,2400
"2010",2451,1,43,5,1800
"2011",2452,2,37,4,2520
"2012",2455,1,35,5,1440
"2013",2456,1,51,5,2400
"2014",2457,2,43,4,720
"2015",2458,1,45,3,600
"2016",2459,1,40,4,540
"2017",2460,1,55,3,600
"2018",2461,1,37,5,1080
"2019",2462,1,38,5,1200
"2020",2463,1,66,7,1200
"2021",2464,1,63,4,2160
"2022",2465,2,26,5,1176
"2023",2466,2,37,7,516
"2024",2467,1,54,5,3600
"2025",2469,2,75,3,600
"2026",2470,1,42,5,2220
"2027",2471,1,49,3,360
"2028",2472,2,39,5,1440
"2029",2473,2,49,3,156
"2030",2474,1,50,7,960
"2031",2475,1,42,7,3396
"2032",2476,1,36,4,1800
"2033",2478,1,48,4,1800
"2034",2479,1,69,7,960
"2035",2481,1,58,7,3000
"2036",2482,1,49,6,2640
"2037",2483,1,52,4,2160
"2038",2484,1,32,5,480
"2039",2485,1,52,4,2520
"2040",2487,1,32,5,3360
"2041",2488,1,59,4,720
"2042",2489,1,33,5,1200
"2043",2490,1,41,5,480
"2044",2491,1,26,6,2340
"2045",2492,1,32,5,1200
"2046",2493,1,42,3,960
"2047",2494,1,52,3,1440
"2048",2495,1,26,5,1140
"2049",2496,2,51,4,456
"2050",2497,1,59,3,2520
"2051",2499,1,29,5,1800
"2052",2500,1,39,7,2076
"2053",2501,1,28,5,1200
"2054",2502,1,69,3,636
"2055",2503,1,49,5,3000
"2056",2504,1,49,7,1272
"2057",2505,1,52,4,960
"2058",2506,1,45,5,1860
"2059",2508,1,35,8,1800
"2060",2509,1,37,5,4800
"2061",2510,1,39,7,2076
"2062",2511,1,36,7,1560
"2063",2512,1,33,5,2280
"2064",2514,1,33,7,2544
"2065",2515,1,41,4,1560
"2066",2516,1,54,5,2160
"2067",2517,2,61,3,2760
"2068",2518,1,33,7,3600
"2069",2519,1,37,7,2088
"2070",2520,2,56,2,1308
"2071",2521,1,46,3,840
"2072",2522,1,48,5,1560
"2073",2523,1,24,7,1560
"2074",2524,2,28,6,960
"2075",2525,1,54,7,2760
"2076",2526,1,32,5,1056
"2077",2527,1,65,3,480
"2078",2528,1,48,5,1752
"2079",2529,1,28,5,840
"2080",2530,1,65,5,1092
"2081",2533,1,37,7,1704
"2082",2534,1,46,4,2760
"2083",2535,2,27,6,1200
"2084",2537,1,31,7,2400
"2085",2538,1,41,5,4200
"2086",2539,1,43,5,3000
"2087",2540,1,51,7,2400
"2088",2541,1,52,8,2160
"2089",2542,1,48,6,4560
"2090",2543,1,53,3,696
"2091",2544,1,57,5,864
"2092",2545,2,84,2,2400
"2093",2547,1,67,3,1200
"2094",2550,1,50,7,2040
"2095",2551,1,62,5,4200
"2096",2552,1,42,5,2460
"2097",2553,1,32,6,1560
"2098",2554,1,49,7,1500
"2099",2555,1,30,7,1200
"2100",2556,1,36,8,2280
"2101",2557,1,43,7,3420
"2102",2558,2,64,2,840
"2103",2559,2,38,5,2280
"2104",2560,1,33,5,3600
"2105",2561,1,48,7,1440
"2106",2562,1,64,7,3600
"2107",2563,1,33,5,3504
"2108",2564,1,35,7,3000
"2109",2565,1,37,7,1176
"2110",2566,1,48,5,2400
"2111",2567,1,47,5,660
"2112",2568,2,57,3,840
"2113",2569,1,53,3,840
"2114",2570,1,47,3,1680
"2115",2571,2,27,7,960
"2116",2572,1,61,7,2880
"2117",2573,1,34,6,1800
"2118",2575,1,53,5,6240
"2119",2576,1,58,4,4560
"2120",2577,1,48,7,6000
"2121",2578,1,40,7,2076
"2122",2579,1,30,6,1740
"2123",2580,1,31,5,1080
"2124",2581,1,35,5,600
"2125",2582,1,34,7,2640
"2126",2583,2,25,4,840
"2127",2584,1,61,3,456
"2128",2585,2,52,3,960
"2129",2586,2,27,6,2280
"2130",2587,1,49,5,1536
"2131",2588,1,39,4,1872
"2132",2589,1,31,5,204
"2133",2590,1,27,6,1440
"2134",2592,1,50,5,1200
"2135",2594,1,48,3,840
"2136",2595,1,30,5,1560
"2137",2597,1,60,3,3000
"2138",2598,1,42,2,960
"2139",2602,1,59,3,4800
"2140",2603,1,32,5,1140
"2141",2604,1,32,5,1920
"2142",2605,1,30,5,1260
"2143",2606,1,28,7,2400
"2144",2607,1,33,5,1380
"2145",2608,1,40,5,840
"2146",2609,2,38,5,1200
"2147",2610,1,29,5,960
"2148",2611,1,39,5,1200
"2149",2612,1,51,5,4800
"2150",2613,2,52,2,1800
"2151",2614,1,71,4,960
"2152",2616,1,60,5,480
"2153",2617,2,62,2,1200
"2154",2618,2,60,2,720
"2155",2619,1,55,4,1680
"2156",2620,1,62,4,360
"2157",2622,2,62,2,240
"2158",2623,1,32,7,1800
"2159",2625,1,65,5,2436
"2160",2626,1,51,3,1200
"2161",2627,1,43,3,360
"2162",2628,1,46,5,1584
"2163",2629,1,63,4,2400
"2164",2630,1,29,6,1560
"2165",2631,1,50,3,3504
"2166",2632,1,35,6,1440
"2167",2633,1,46,7,2760
"2168",2634,1,34,5,1440
"2169",2635,1,62,7,1440
"2170",2636,1,41,5,1800
"2171",2637,1,46,5,2160
"2172",2638,1,61,3,516
"2173",2639,1,37,4,840
"2174",2640,1,56,3,1080
"2175",2641,1,42,3,636
"2176",2642,1,57,4,1020
"2177",2643,1,37,4,960
"2178",2644,1,27,5,792
"2179",2645,1,51,4,564
"2180",2646,1,46,3,1200
"2181",2647,1,38,6,276
"2182",2648,1,49,7,960
"2183",2649,1,66,7,3360
"2184",2650,1,29,9,756
"2185",2651,1,50,6,960
"2186",2652,1,49,5,3000
"2187",2653,1,30,4,1440
"2188",2654,1,65,7,660
"2189",2656,1,27,7,1200
"2190",2657,1,54,3,2568
"2191",2658,1,34,7,2640
"2192",2659,1,55,3,1200
"2193",2660,2,39,2,120
"2194",2661,1,38,5,2400
"2195",2662,1,50,3,1560
"2196",2663,1,47,7,1800
"2197",2664,1,49,5,1800
"2198",2665,1,35,7,2400
"2199",2666,1,43,7,3000
"2200",2667,1,38,6,840
"2201",2670,1,52,3,840
"2202",2671,1,52,4,1248
"2203",2672,1,52,3,2508
"2204",2674,1,31,5,1620
"2205",2675,2,37,5,300
"2206",2677,1,51,5,2400
"2207",2678,1,53,5,1800
"2208",2679,1,51,3,3288
"2209",2680,1,58,5,1800
"2210",2681,1,70,4,420
"2211",2683,2,29,6,660
"2212",2684,2,49,5,1764
"2213",2685,1,49,7,1500
"2214",2687,1,48,8,1800
"2215",2689,1,70,4,1872
"2216",2690,1,33,6,4200
"2217",2691,1,52,5,900
"2218",2693,1,50,3,1464
"2219",2694,1,24,5,984
"2220",2696,1,53,4,1704
"2221",2697,1,34,5,1800
"2222",2698,1,40,5,960
"2223",2699,2,44,4,1140
"2224",2700,1,63,3,156
"2225",2701,2,60,3,1800
"2226",2702,1,49,5,1104
"2227",2703,1,38,7,7320
"2228",2704,1,42,6,1560
"2229",2706,1,46,5,3000
"2230",2707,1,40,6,2040
"2231",2708,1,36,7,1200
"2232",2709,1,29,5,2400
"2233",2710,2,48,4,156
"2234",2711,1,59,5,2160
"2235",2712,1,25,5,2400
"2236",2713,1,43,8,4872
"2237",2715,1,37,7,2532
"2238",2716,1,50,8,2124
"2239",2718,1,76,2,2904
"2240",2719,1,42,5,780
"2241",2720,1,34,7,2880
"2242",2722,1,39,5,3000
"2243",2723,1,29,7,1080
"2244",2724,1,40,4,2280
"2245",2725,1,28,5,1632
"2246",2726,1,30,5,1440
"2247",2727,1,54,8,4560
"2248",2728,1,56,4,2040
"2249",2729,1,45,5,2100
"2250",2730,1,41,5,960
"2251",2731,1,39,5,1980
"2252",2732,1,61,4,1524
"2253",2733,1,30,7,1488
"2254",2734,1,42,5,4200
"2255",2735,1,46,7,3600
"2256",2736,1,41,7,1860
"2257",2737,1,48,4,1800
"2258",2738,1,55,5,480
"2259",2739,1,26,5,600
"2260",2740,1,58,2,480
"2261",2741,1,77,2,1536
"2262",2743,1,43,8,3264
"2263",2745,1,37,7,4800
"2264",2746,1,40,9,4800
"2265",2747,1,33,7,5400
"2266",2748,2,43,3,1200
"2267",2749,1,66,6,1320
"2268",2750,1,25,5,840
"2269",2751,1,32,5,480
"2270",2752,1,48,4,720
"2271",2753,1,31,5,480
"2272",2754,1,65,2,540
"2273",2755,1,23,5,1200
"2274",2756,1,28,5,1620
"2275",2758,1,35,6,5124
"2276",2759,1,35,5,564
"2277",2760,1,41,4,3600
"2278",2761,1,48,5,1692
"2279",2762,1,66,2,360
"2280",2763,1,38,5,1620
"2281",2764,1,36,6,756
"2282",2765,2,28,5,1680
"2283",2766,2,30,7,1308
"2284",2767,1,31,5,1392
"2285",2768,1,32,5,1560
"2286",2769,1,28,7,1176
"2287",2770,1,41,5,1800
"2288",2773,1,46,5,3432
"2289",2774,1,30,7,1320
"2290",2775,1,36,6,1464
"2291",2776,1,37,7,2268
"2292",2777,1,37,5,2472
"2293",2778,1,31,5,1920
"2294",2779,1,26,5,960
"2295",2781,1,43,4,2760
"2296",2782,1,45,3,1920
"2297",2783,1,37,6,1920
"2298",2784,1,37,6,2160
"2299",2785,1,52,4,7200
"2300",2786,1,60,4,1440
"2301",2787,1,45,4,1560
"2302",2788,1,53,4,1800
"2303",2789,1,40,5,1800
"2304",2790,1,38,4,2760
"2305",2791,1,40,4,1800
"2306",2792,1,36,7,2940
"2307",2793,1,38,7,1800
"2308",2794,1,36,5,2460
"2309",2797,1,56,3,1200
"2310",2798,1,43,5,1440
"2311",2799,1,49,3,516
"2312",2800,1,44,7,6000
"2313",2802,1,29,3,960
"2314",2803,1,42,8,5040
"2315",2804,1,57,3,1800
"2316",2805,1,45,6,2400
"2317",2807,1,43,4,1800
"2318",2808,1,55,5,360
"2319",2809,1,50,5,3000
"2320",2811,1,43,4,2040
"2321",2812,1,37,7,1560
"2322",2813,1,36,5,1800
"2323",2814,1,32,5,1860
"2324",2815,1,50,5,2400
"2325",2816,1,49,4,3780
"2326",2817,1,57,4,1440
"2327",2818,1,32,5,1200
"2328",2819,1,37,8,4200
"2329",2821,1,31,7,1380
"2330",2822,1,49,4,360
"2331",2823,1,40,5,1584
"2332",2824,1,44,5,3600
"2333",2826,1,37,5,1200
"2334",2827,1,38,5,600
"2335",2828,1,55,5,1920
"2336",2829,1,51,5,1200
"2337",2830,1,47,4,1800
"2338",2835,1,37,5,1800
"2339",2836,1,36,5,1920
"2340",2837,1,32,5,2040
"2341",2838,1,29,5,1608
"2342",2839,1,48,3,960
"2343",2840,1,32,7,1800
"2344",2841,1,41,5,1560
"2345",2842,1,38,5,2160
"2346",2844,1,44,4,720
"2347",2845,2,57,3,1200
"2348",2846,1,66,5,1440
"2349",2847,1,42,5,240
"2350",2848,1,47,4,1800
"2351",2849,1,41,5,2640
"2352",2850,1,42,6,4320
"2353",2851,1,50,5,2160
"2354",2852,1,38,6,1860
"2355",2853,1,39,6,4560
"2356",2854,1,34,5,2160
"2357",2855,1,38,5,1800
"2358",2856,1,34,5,960
"2359",2857,1,45,5,1824
"2360",2858,1,47,4,2400
"2361",2859,1,73,4,1560
"2362",2860,1,28,5,1440
"2363",2861,1,32,7,6900
"2364",2862,1,57,5,960
"2365",2863,1,29,5,1320
"2366",2864,1,53,3,1680
"2367",2865,1,86,2,2400
"2368",2866,1,46,4,1080
"2369",2867,1,32,5,1680
"2370",2868,1,56,4,2760
"2371",2869,1,50,3,1800
"2372",2871,1,34,6,1800
"2373",2872,2,42,5,720
"2374",2874,1,35,5,1200
"2375",2875,1,38,5,1800
"2376",2876,1,39,5,600
"2377",2877,1,43,5,1800
"2378",2878,2,69,3,3600
"2379",2879,1,45,5,2280
"2380",2880,1,34,5,1200
"2381",2881,1,37,5,1800
"2382",2882,1,40,5,2196
"2383",2883,1,55,4,1680
"2384",2884,1,35,7,4260
"2385",2885,1,59,4,5460
"2386",2886,1,44,6,2400
"2387",2888,2,86,2,600
"2388",2889,1,55,5,1200
"2389",2892,1,69,2,600
"2390",2893,1,57,3,2160
"2391",2894,2,55,2,960
"2392",2895,1,56,3,3600
"2393",2897,2,66,2,600
"2394",2898,1,46,4,2280
"2395",2899,1,39,5,1920
"2396",2900,1,38,6,4800
"2397",2901,1,51,5,6480
"2398",2902,1,39,7,1500
"2399",2903,1,66,3,216
"2400",2904,1,37,5,3360
"2401",2905,2,62,4,540
"2402",2906,1,40,5,2640
"2403",2907,1,48,5,3000
"2404",2908,1,43,4,480
"2405",2909,1,56,3,3480
"2406",2910,1,32,5,1920
"2407",2911,2,50,4,600
"2408",2912,1,34,7,780
"2409",2913,1,68,3,480
"2410",2914,1,30,5,1344
"2411",2915,1,57,5,1800
"2412",2916,1,54,5,2880
"2413",2917,1,44,5,600
"2414",2919,1,53,7,1200
"2415",2921,1,65,3,1440
"2416",2922,1,32,7,2520
"2417",2923,1,41,4,2400
"2418",2924,1,38,7,3600
"2419",2925,1,66,4,1200
"2420",2926,1,51,7,2100
"2421",2928,1,53,3,1800
"2422",2929,1,60,3,2640
"2423",2930,1,52,3,2700
"2424",2931,1,27,5,1200
"2425",2932,1,50,5,3120
"2426",2934,1,46,5,2160
"2427",2935,1,36,5,1200
"2428",2936,1,31,5,2400
"2429",2938,1,32,5,480
"2430",2940,2,52,4,540
"2431",2941,1,25,5,2040
"2432",2942,1,43,4,2400
"2433",2943,1,28,8,2400
"2434",2944,2,41,3,540
"2435",2945,1,32,5,2160
"2436",2946,1,50,5,1020
"2437",2947,1,32,5,1200
"2438",2948,1,51,3,3000
"2439",2949,1,39,6,2640
"2440",2951,1,53,5,1800
"2441",2952,1,42,5,2160
"2442",2953,1,34,5,672
"2443",2954,1,30,6,1080
"2444",2955,1,28,8,3720
"2445",2956,1,29,5,2160
"2446",2957,2,30,7,2820
"2447",2958,1,50,5,1200
"2448",2959,1,31,5,1200
"2449",2960,1,43,4,1200
"2450",2961,1,28,7,2556
"2451",2962,1,33,5,1680
"2452",2964,1,57,3,960
"2453",2965,1,61,6,1800
"2454",2966,1,42,3,720
"2455",2969,1,38,5,480
"2456",2970,1,38,7,1296
"2457",2971,1,42,4,2400
"2458",2972,1,32,5,1440
"2459",2973,1,30,5,1200
"2460",2974,1,67,7,1860
"2461",2976,1,58,5,2400
"2462",2979,1,44,7,2520
"2463",2981,1,35,7,2400
"2464",2982,1,38,6,2400
"2465",2983,1,34,7,1560
"2466",2985,1,49,4,1800
"2467",2987,1,35,5,1800
"2468",2988,1,34,7,1200
"2469",2990,1,39,7,3240
"2470",2991,1,29,7,1800
"2471",2993,1,29,5,1200
"2472",2994,2,25,4,720
"2473",2995,1,40,4,1200
"2474",2996,1,27,5,1320
"2475",2997,1,29,5,960
"2476",2998,2,29,7,1800
"2477",2999,1,43,5,960
"2478",3001,1,29,7,1800
"2479",3002,1,56,3,3000
"2480",3003,1,38,5,2400
"2481",3005,1,33,4,1680
"2482",3007,1,32,5,2400
"2483",3009,2,60,2,1800
"2484",3010,1,22,5,960
"2485",3011,1,37,3,2280
"2486",3012,1,46,5,2400
"2487",3013,1,39,5,1800
"2488",3014,1,36,5,1200
"2489",3015,1,36,5,480
"2490",3016,1,32,5,1800
"2491",3017,1,57,3,1200
"2492",3018,2,62,2,4800
"2493",3019,1,49,3,2760
"2494",3022,1,49,5,1800
"2495",3023,1,30,7,2556
"2496",3024,1,42,3,1320
"2497",3025,1,60,5,2100
"2498",3026,1,29,6,1680
"2499",3027,1,30,4,840
"2500",3029,1,36,7,1440
"2501",3031,2,41,4,960
"2502",3032,1,27,4,600
"2503",3033,1,43,5,3000
"2504",3034,2,22,6,1080
"2505",3035,1,43,4,3240
"2506",3040,1,34,5,1200
"2507",3041,1,31,5,1920
"2508",3042,1,29,6,1200
"2509",3043,1,38,4,1080
"2510",3044,1,32,7,3000
"2511",3045,1,37,5,1200
"2512",3046,1,35,6,2400
"2513",3047,1,60,3,720
"2514",3048,1,43,5,1440
"2515",3049,1,50,5,1560
"2516",3050,1,35,4,1680
"2517",3051,1,42,4,1200
"2518",3052,1,38,5,1200
"2519",3053,1,37,5,1800
"2520",3055,1,48,5,1200
"2521",3056,2,52,3,720
"2522",3057,1,51,5,1680
"2523",3058,1,43,4,6000
"2524",3059,1,59,3,960
"2525",3060,1,39,4,1440
"2526",3062,1,61,5,3480
"2527",3064,1,36,7,3600
"2528",3065,2,37,7,1800
"2529",3066,1,40,7,2520
"2530",3067,1,42,7,2160
"2531",3069,1,55,3,1440
"2532",3071,1,32,5,1200
"2533",3073,1,72,7,6000
"2534",3076,1,64,7,6660
"2535",3078,1,43,5,2160
"2536",3079,1,37,7,15600
"2537",3080,1,45,7,4596
"2538",3081,1,44,6,2160
"2539",3082,1,41,5,2064
"2540",3083,1,44,7,4080
"2541",3085,1,46,7,3240
"2542",3086,2,69,2,6000
"2543",3087,1,34,7,3480
"2544",3088,2,54,3,1440
"2545",3089,1,37,5,1920
"2546",3090,1,40,5,1560
"2547",3091,1,41,4,1800
"2548",3092,1,40,5,2064
"2549",3093,1,46,7,5400
"2550",3094,1,46,7,3600
"2551",3095,1,48,7,2400
"2552",3096,1,44,7,996
"2553",3097,1,51,5,3600
"2554",3098,1,36,7,2400
"2555",3099,1,37,7,2220
"2556",3100,1,35,7,3000
"2557",3101,1,38,7,2040
"2558",3102,1,36,8,2400
"2559",3103,1,41,7,1800
"2560",3104,1,32,7,1440
"2561",3105,1,51,5,840
"2562",3106,1,50,3,2400
"2563",3107,1,62,5,2640
"2564",3108,2,24,5,780
"2565",3109,1,30,5,1080
"2566",3110,1,39,6,1200
"2567",3111,1,42,5,960
"2568",3112,2,24,5,2040
"2569",3113,1,34,4,2040
"2570",3114,1,60,5,1656
"2571",3115,1,47,3,1320
"2572",3116,1,73,2,996
"2573",3117,1,58,5,600
"2574",3118,1,56,5,1800
"2575",3119,1,59,3,1440
"2576",3120,1,50,3,2400
"2577",3121,1,42,5,840
"2578",3122,1,69,4,1200
"2579",3123,1,30,5,1800
"2580",3124,1,28,5,2400
"2581",3125,1,39,5,3000
"2582",3127,1,34,5,1800
"2583",3128,1,55,5,3000
"2584",3129,1,50,2,840
"2585",3130,1,46,4,1560
"2586",3131,1,51,2,2280
"2587",3132,1,44,5,1560
"2588",3133,2,44,3,1380
"2589",3134,1,35,5,2400
"2590",3135,1,30,6,2160
"2591",3136,1,65,5,840
"2592",3137,1,59,5,2160
"2593",3138,1,33,7,2316
"2594",3139,1,36,5,1716
"2595",3140,1,42,7,6000
"2596",3141,2,50,5,1440
"2597",3143,2,34,6,3600
"2598",3144,1,36,9,2400
"2599",3145,2,53,4,528
"2600",3146,1,44,7,6000
"2601",3147,1,43,4,2760
"2602",3148,2,53,3,1200
"2603",3149,2,55,2,1440
"2604",3150,1,30,7,1920
"2605",3151,1,35,7,1800
"2606",3152,1,48,3,600
"2607",3153,1,29,5,2160
"2608",3154,1,34,8,2760
"2609",3155,1,39,4,120
"2610",3156,1,20,5,48
"2611",3157,1,39,5,1560
"2612",3158,1,34,7,888
"2613",3159,1,41,8,3480
"2614",3160,2,33,6,600
"2615",3161,1,35,8,6696
"2616",3162,1,35,7,1200
"2617",3163,1,29,5,1860
"2618",3164,1,43,5,1380
"2619",3165,1,41,5,3000
"2620",3166,1,32,6,1680
"2621",3167,1,41,5,1680
"2622",3168,1,30,7,1680
"2623",3169,1,29,7,3360
"2624",3171,1,40,5,3360
"2625",3172,1,36,5,1800
"2626",3174,1,55,7,2400
"2627",3175,1,54,7,4200
"2628",3177,1,40,5,4800
"2629",3178,1,40,5,720
"2630",3179,2,59,3,600
"2631",3182,1,60,3,540
"2632",3183,1,31,5,1200
"2633",3184,1,38,5,1680
"2634",3185,1,36,5,1800
"2635",3188,1,34,5,600
"2636",3191,1,36,7,1440
"2637",3193,1,49,5,1200
"2638",3195,2,59,3,840
"2639",3196,1,42,5,2400
"2640",3197,1,39,5,1680
"2641",3199,1,43,5,3600
"2642",3200,1,48,5,2040
"2643",3201,1,38,6,1800
"2644",3204,2,69,3,2400
"2645",3205,1,49,3,2640
"2646",3207,1,54,7,2040
"2647",3209,1,48,5,1440
"2648",3210,1,37,5,2880
"2649",3211,1,66,2,600
"2650",3212,2,51,5,720
"2651",3213,1,33,7,2520
"2652",3214,1,38,5,1200
"2653",3215,1,45,4,1200
"2654",3216,1,31,7,1800
"2655",3217,1,41,7,660
"2656",3218,2,44,4,480
"2657",3219,1,33,6,3240
"2658",3220,1,44,4,1200
"2659",3222,2,64,3,1320
"2660",3223,1,46,7,3600
"2661",3224,1,37,5,1800
"2662",3225,1,42,7,4800
"2663",3227,1,66,2,3600
"2664",3228,1,63,5,2160
"2665",3230,1,42,6,2400
"2666",3231,1,40,5,3000
"2667",3232,1,41,5,1800
"2668",3233,1,40,6,3240
"2669",3234,1,59,3,600
"2670",3236,1,58,3,1980
"2671",3237,1,45,6,2376
"2672",3240,1,45,2,1800
"2673",3241,1,47,5,600
"2674",3242,1,32,5,600
"2675",3243,1,63,3,840
"2676",3244,1,52,3,1560
"2677",3245,2,60,3,432
"2678",3247,1,46,5,1800
"2679",3248,1,79,2,1080
"2680",3251,1,40,5,8400
"2681",3254,1,51,5,3120
"2682",3255,1,68,2,3600
"2683",3257,1,46,6,3000
"2684",3258,1,49,3,3000
"2685",3259,1,37,7,1440
"2686",3260,1,59,7,1800
"2687",3262,1,33,5,1440
"2688",3263,1,46,5,2652
"2689",3264,1,37,7,3000
"2690",3265,1,37,4,1200
"2691",3266,1,36,5,1800
"2692",3267,1,31,7,2640
"2693",3269,1,74,2,360
"2694",3271,1,32,3,840
"2695",3272,1,54,4,2640
"2696",3273,1,56,3,5400
"2697",3274,1,43,5,3000
"2698",3275,1,59,5,1200
"2699",3276,1,67,4,3000
"2700",3277,1,34,6,1800
"2701",3279,1,50,5,2400
"2702",3280,1,56,3,600
"2703",3281,1,34,5,1200
"2704",3282,1,41,5,1800
"2705",3283,1,37,5,1440
"2706",3284,1,33,7,2880
"2707",3285,1,28,6,7200
"2708",3286,1,50,3,720
"2709",3287,1,32,6,1656
"2710",3288,1,48,6,2400
"2711",3289,1,34,5,1320
"2712",3290,1,36,4,1800
"2713",3291,1,34,7,1500
"2714",3292,1,35,5,3240
"2715",3293,1,27,5,1440
"2716",3294,1,36,4,1200
"2717",3295,1,32,7,1680
"2718",3296,1,30,5,1620
"2719",3297,1,37,5,1752
"2720",3298,1,43,5,1800
"2721",3299,1,38,5,1800
"2722",3300,1,39,5,2640
"2723",3301,2,31,5,1200
"2724",3302,1,41,7,2400
"2725",3303,1,28,5,1200
"2726",3304,1,39,7,1920
"2727",3305,1,41,5,2160
"2728",3306,1,33,7,1800
"2729",3307,1,33,7,2400
"2730",3308,1,62,3,2880
"2731",3309,1,47,5,1800
"2732",3310,1,34,5,1464
"2733",3311,1,36,5,3120
"2734",3312,1,24,5,840
"2735",3313,1,53,4,1800
"2736",3314,1,42,3,960
"2737",3315,1,31,5,840
"2738",3316,1,41,3,1800
"2739",3317,1,39,5,3600
"2740",3318,1,50,5,3000
"2741",3319,1,34,7,3000
"2742",3320,1,46,7,2160
"2743",3321,1,44,7,2400
"2744",3322,1,50,4,3600
"2745",3323,1,61,3,1356
"2746",3324,1,30,5,2040
"2747",3325,1,40,7,1680
"2748",3326,1,25,5,1500
"2749",3327,1,46,5,1440
"2750",3328,1,61,3,864
"2751",3329,1,38,5,1800
"2752",3330,2,31,5,768
"2753",3331,1,38,4,960
"2754",3332,1,52,4,2760
"2755",3333,1,41,5,2172
"2756",3334,1,43,5,1440
"2757",3335,1,47,4,420
"2758",3336,1,42,5,2400
"2759",3337,1,37,5,600
"2760",3338,1,24,5,1080
"2761",3339,1,33,6,3000
"2762",3340,1,29,5,1320
"2763",3341,1,30,5,1320
"2764",3342,1,33,5,1800
"2765",3343,1,58,3,1080
"2766",3344,1,38,7,5400
"2767",3345,1,38,5,1200
"2768",3346,1,41,5,2400
"2769",3347,1,45,5,2760
"2770",3350,2,76,2,1800
"2771",3351,1,38,3,1200
"2772",3352,1,35,6,492
"2773",3353,1,49,4,1200
"2774",3354,1,45,5,840
"2775",3355,1,35,5,1200
"2776",3357,1,31,3,300
"2777",3359,1,65,4,960
"2778",3360,1,59,5,1920
"2779",3362,1,60,2,600
"2780",3363,1,62,2,1200
"2781",3364,1,62,5,2112
"2782",3365,1,37,7,1800
"2783",3366,1,44,4,4380
"2784",3368,1,40,5,1800
"2785",3369,1,38,8,2760
"2786",3370,1,55,7,1920
"2787",3371,1,47,7,2880
"2788",3372,2,53,3,1080
"2789",3374,1,38,5,240
"2790",3375,1,44,4,1560
"2791",3376,1,71,3,120
"2792",3377,1,38,4,720
"2793",3379,1,41,3,2400
"2794",3380,1,64,5,1200
"2795",3382,2,38,3,396
"2796",3383,1,36,8,2040
"2797",3385,1,30,5,1992
"2798",3386,1,34,7,1800
"2799",3387,1,33,7,2520
"2800",3388,2,55,2,1680
"2801",3390,1,47,6,3000
"2802",3391,1,59,5,480
"2803",3392,2,59,4,840
"2804",3393,1,62,5,6000
"2805",3394,1,43,3,1800
"2806",3395,1,41,7,4200
"2807",3396,1,46,7,4800
"2808",3397,1,60,7,3600
"2809",3398,1,38,7,2280
"2810",3399,1,66,7,3240
"2811",3400,1,36,7,2400
"2812",3401,1,32,7,2400
"2813",3402,1,33,7,2040
"2814",3403,1,40,6,3000
"2815",3404,1,37,7,2160
"2816",3405,1,34,7,2520
"2817",3406,1,54,4,3120
"2818",3408,1,38,4,1800
"2819",3409,1,46,3,1800
"2820",3410,1,77,4,312
"2821",3411,1,43,4,192
"2822",3413,1,34,5,1800
"2823",3414,1,41,5,2160
"2824",3415,2,61,3,1320
"2825",3416,1,60,3,600
"2826",3417,1,34,5,1440
"2827",3419,1,35,3,1800
"2828",3420,1,63,5,1440
"2829",3421,1,31,5,1920
"2830",3422,1,54,7,900
"2831",3423,1,52,5,1560
"2832",3424,1,31,5,2400
"2833",3425,1,45,3,2400
"2834",3426,1,42,7,4800
"2835",3427,1,38,7,3600
"2836",3429,1,34,6,1560
"2837",3430,1,40,7,3000
"2838",3431,1,46,5,2640
"2839",3432,1,38,6,3000
"2840",3433,2,31,7,4200
"2841",3434,2,46,3,960
"2842",3435,1,33,7,2040
"2843",3436,1,33,6,1800
"2844",3437,1,31,7,1800
"2845",3438,1,31,5,1440
"2846",3439,1,40,7,3000
"2847",3440,1,36,7,1800
"2848",3441,1,45,7,3480
"2849",3442,1,47,5,1200
"2850",3443,1,39,3,2340
"2851",3444,1,39,5,1200
"2852",3445,2,36,5,3300
"2853",3446,1,40,9,2160
"2854",3448,1,36,5,4980
"2855",3449,2,74,2,600
"2856",3450,1,31,5,480
"2857",3451,1,70,4,216
"2858",3452,1,34,7,2400
"2859",3453,1,53,4,2400
"2860",3454,1,38,5,1020
"2861",3455,2,61,2,1380
"2862",3456,1,43,5,1200
"2863",3457,1,50,5,2700
"2864",3458,1,58,4,3060
"2865",3459,1,43,4,1560
"2866",3460,1,42,5,1800
"2867",3461,1,42,7,5400
"2868",3462,1,39,5,2280
"2869",3463,1,35,6,2016
"2870",3464,1,33,7,2220
"2871",3466,1,29,6,1200
"2872",3467,1,47,5,3600
"2873",3468,1,47,4,2280
"2874",3469,1,58,7,1920
"2875",3470,1,33,5,960
"2876",3471,1,35,7,2400
"2877",3472,1,53,5,2784
"2878",3474,1,51,4,1320
"2879",3475,1,37,5,2400
"2880",3477,1,66,3,360
"2881",3479,1,40,5,3000
"2882",3480,1,40,5,2916
"2883",3481,1,31,7,1200
"2884",3483,1,37,5,1560
"2885",3484,2,66,4,2400
"2886",3486,1,36,5,2400
"2887",3487,1,46,5,1440
"2888",3488,1,40,5,540
"2889",3489,1,41,5,600
"2890",3490,1,44,5,1200
"2891",3491,1,41,5,2100
"2892",3492,2,52,4,1200
"2893",3493,1,52,5,1200
"2894",3494,1,42,5,2400
"2895",3495,1,40,5,1800
"2896",3496,1,34,6,1800
"2897",3497,1,42,4,1440
"2898",3499,1,31,6,1320
"2899",3500,1,36,6,1800
"2900",3501,2,45,4,816
"2901",3502,1,40,4,2400
"2902",3504,1,44,5,840
"2903",3506,1,56,4,1800
"2904",3508,1,54,4,1200
"2905",3509,1,59,3,600
"2906",3510,1,42,8,2400
"2907",3511,1,41,7,3360
"2908",3512,1,48,7,2280
"2909",3513,1,48,7,1800
"2910",3514,1,38,7,3360
"2911",3515,2,51,2,600
"2912",3516,1,54,3,720
"2913",3518,1,45,5,1800
"2914",3519,1,53,5,3600
"2915",3520,2,57,5,3600
"2916",3521,1,62,4,840
"2917",3522,1,34,7,3600
"2918",3523,1,43,7,3600
"2919",3524,1,45,4,1440
"2920",3525,1,36,7,1560
"2921",3527,1,37,8,3600
"2922",3528,1,36,7,2280
"2923",3529,2,64,3,600
"2924",3530,1,44,7,5400
"2925",3533,2,62,3,2760
"2926",3534,1,33,8,1800
"2927",3535,1,34,6,1560
"2928",3536,1,59,3,1080
"2929",3537,1,38,5,1800
"2930",3538,1,35,6,1440
"2931",3539,2,56,3,1116
"2932",3540,1,59,4,720
"2933",3541,1,36,5,1800
"2934",3542,1,46,4,1800
"2935",3543,1,33,6,1080
"2936",3544,1,48,5,1800
"2937",3545,1,37,5,1800
"2938",3546,1,54,3,4080
"2939",3547,1,32,6,2160
"2940",3548,1,44,5,1440
"2941",3550,1,55,5,780
"2942",3552,1,45,3,3000
"2943",3555,1,46,5,1920
"2944",3557,1,43,5,2376
"2945",3558,1,52,4,600
"2946",3559,1,49,5,840
"2947",3560,1,29,5,2400
"2948",3562,1,27,5,1080
"2949",3563,1,41,4,2208
"2950",3564,1,37,6,1440
"2951",3565,2,43,3,600
"2952",3566,1,45,5,1200
"2953",3567,1,32,5,1800
"2954",3568,1,38,5,3600
"2955",3569,1,40,8,1800
"2956",3570,1,62,3,2640
"2957",3571,1,37,5,720
"2958",3572,1,37,7,2400
"2959",3573,1,31,6,2400
"2960",3574,1,28,7,1800
"2961",3575,1,41,5,480
"2962",3576,1,56,3,1320
"2963",3577,1,51,5,1824
"2964",3578,1,29,5,960
"2965",3579,1,41,5,1200
"2966",3580,1,34,5,2400
"2967",3581,1,73,2,132
"2968",3582,1,41,5,1560
"2969",3583,2,57,4,720
"2970",3584,1,31,5,2436
"2971",3585,1,43,4,1560
"2972",3586,1,31,6,1800
"2973",3587,1,40,5,2400
"2974",3588,1,36,4,1200
"2975",3589,1,33,7,1560
"2976",3590,2,54,4,3036
"2977",3591,1,43,7,3000
"2978",3592,1,35,9,3480
"2979",3593,1,43,7,2880
"2980",3594,1,39,7,1920
"2981",3596,1,30,5,3000
"2982",3597,1,47,5,720
"2983",3598,1,40,5,1200
"2984",3599,1,49,5,600
"2985",3600,1,49,4,4680
"2986",3602,1,59,7,2400
"2987",3603,1,56,7,3600
"2988",3604,1,50,9,4200
"2989",3605,1,59,7,4440
"2990",3606,1,29,7,3120
"2991",3607,1,49,5,2880
"2992",3608,1,36,5,2400
"2993",3609,1,31,6,1800
"2994",3610,1,42,5,1800
"2995",3612,1,40,8,2640
"2996",3613,1,54,5,1884
"2997",3614,1,39,5,1920
"2998",3615,2,39,5,5640
"2999",3616,2,24,7,1320
"3000",3617,1,41,5,1200
"3001",3618,1,55,4,840
"3002",3619,1,37,5,2640
"3003",3620,1,48,6,1200
"3004",3621,1,44,3,1200
"3005",3624,1,37,4,1560
"3006",3626,1,38,5,2400
"3007",3627,1,36,2,720
"3008",3628,1,34,7,2400
"3009",3629,2,58,5,2400
"3010",3630,1,34,4,3000
"3011",3631,1,34,5,960
"3012",3632,1,34,7,1080
"3013",3633,1,38,5,3000
"3014",3634,1,47,5,2160
"3015",3635,1,70,4,840
"3016",3636,1,36,4,3600
"3017",3637,1,34,5,1200
"3018",3638,1,69,3,804
"3019",3640,1,44,3,960
"3020",3641,1,38,4,3600
"3021",3643,1,41,7,6600
"3022",3644,1,60,4,4200
"3023",3645,1,29,4,3720
"3024",3646,2,57,3,600
"3025",3648,1,52,5,2280
"3026",3649,1,67,5,720
"3027",3650,2,60,2,504
"3028",3651,1,65,5,204
"3029",3652,1,42,5,2400
"3030",3653,1,34,5,1920
"3031",3654,1,37,5,2400
"3032",3655,1,34,5,1260
"3033",3656,1,41,8,1800
"3034",3657,1,36,7,1416
"3035",3658,1,63,3,2400
"3036",3659,1,37,6,3000
"3037",3660,1,55,2,1560
"3038",3661,1,58,2,960
"3039",3666,2,46,3,1860
"3040",3667,1,32,5,2220
"3041",3668,1,31,5,960
"3042",3671,1,56,4,1200
"3043",3672,1,60,4,1440
"3044",3673,1,31,5,960
"3045",3674,1,56,2,1200
"3046",3675,1,30,7,3600
"3047",3676,1,37,5,1440
"3048",3677,1,32,5,1440
"3049",3679,1,53,4,1200
"3050",3680,1,49,4,1920
"3051",3681,1,74,4,300
"3052",3683,1,50,3,840
"3053",3684,1,58,3,480
"3054",3685,1,26,5,1560
"3055",3686,1,36,5,1200
"3056",3687,1,40,7,1440
"3057",3688,1,79,2,840
"3058",3689,1,46,3,3600
"3059",3690,1,36,5,1800
"3060",3691,2,66,2,360
"3061",3693,1,44,3,2160
"3062",3694,1,43,5,3600
"3063",3695,1,54,4,2040
"3064",3696,1,37,5,2400
"3065",3697,1,45,5,2400
"3066",3698,1,37,5,2400
"3067",3699,1,44,5,2400
"3068",3700,1,46,4,4800
"3069",3701,1,41,5,2400
"3070",3702,1,30,5,1800
"3071",3703,2,57,3,2400
"3072",3705,1,39,6,3600
"3073",3706,1,54,2,1200
"3074",3707,1,36,4,1800
"3075",3709,2,46,3,600
"3076",3710,1,53,9,4980
"3077",3711,1,62,3,1200
"3078",3713,1,57,3,2160
"3079",3715,1,59,3,1440
"3080",3716,1,31,7,600
"3081",3717,1,39,4,1200
"3082",3718,1,39,3,2400
"3083",3719,1,46,4,6000
"3084",3721,1,33,5,1800
"3085",3722,2,60,2,600
"3086",3723,1,70,3,3360
"3087",3724,1,35,7,1920
"3088",3725,1,38,7,2340
"3089",3727,1,59,4,1200
"3090",3728,1,46,4,960
"3091",3729,1,49,3,2400
"3092",3730,1,39,7,2640
"3093",3733,1,55,3,1500
"3094",3734,2,67,2,480
"3095",3735,1,51,3,1800
"3096",3736,2,50,3,2400
"3097",3737,1,67,3,1176
"3098",3738,2,58,3,240
"3099",3739,1,30,5,1200
"3100",3740,1,35,5,1212
"3101",3746,1,37,5,1200
"3102",3747,1,46,5,1440
"3103",3748,1,27,5,1800
"3104",3750,1,50,3,1200
"3105",3751,1,30,5,1440
"3106",3752,1,35,5,2400
"3107",3753,1,37,5,1560
"3108",3754,1,34,5,2400
"3109",3755,1,41,3,1680
"3110",3756,1,74,3,360
"3111",3757,1,53,5,2700
"3112",3760,2,38,4,3120
"3113",3762,1,56,4,2472
"3114",3763,1,63,7,2760
"3115",3765,2,46,5,1200
"3116",3766,1,40,9,1800
"3117",3767,1,38,7,3120
"3118",3768,1,56,5,1200
"3119",3769,1,53,7,2400
"3120",3771,1,67,3,360
"3121",3772,2,73,2,960
"3122",3773,1,62,4,1320
"3123",3774,1,58,4,960
"3124",3775,1,37,7,2400
"3125",3776,1,70,2,600
"3126",3777,1,46,4,840
"3127",3778,1,61,3,720
"3128",3779,1,57,3,960
"3129",3780,1,61,5,3360
"3130",3781,1,31,7,1080
"3131",3783,1,51,4,2160
"3132",3784,2,73,2,1800
"3133",3785,1,40,5,1800
"3134",3786,2,74,2,1440
"3135",3787,2,72,2,2160
"3136",3788,2,77,2,2400
"3137",3789,1,48,3,1800
"3138",3790,2,51,3,720
"3139",3791,2,21,6,672
"3140",3792,1,29,5,1800
"3141",3794,1,38,5,3000
"3142",3795,1,29,5,1200
"3143",3796,1,46,5,2400
"3144",3797,1,60,5,1128
"3145",3799,1,38,8,3600
"3146",3801,1,62,5,1680
"3147",3802,1,34,5,2400
"3148",3803,1,62,3,600
"3149",3804,1,46,3,600
"3150",3805,1,40,5,2400
"3151",3806,2,83,2,480
"3152",3808,2,77,2,444
"3153",3809,1,68,7,2160
"3154",3811,1,65,7,1392
"3155",3812,2,36,5,480
"3156",3814,1,41,7,2400
"3157",3815,2,36,5,840
"3158",3816,2,24,7,1920
"3159",3818,1,49,4,240
"3160",3819,1,37,5,1200
"3161",3820,1,42,5,1800
"3162",3822,1,33,7,1200
"3163",3823,1,35,5,1800
"3164",3824,1,42,5,600
"3165",3825,1,31,8,1560
"3166",3826,1,34,5,2400
"3167",3827,1,33,4,1080
"3168",3828,2,40,3,840
"3169",3829,1,62,7,960
"3170",3830,1,75,3,720
"3171",3831,1,51,5,1560
"3172",3832,1,43,3,1500
"3173",3833,1,43,5,1200
"3174",3834,1,41,5,2280
"3175",3835,1,37,5,1800
"3176",3836,1,63,5,300
"3177",3838,1,52,3,1560
"3178",3839,1,50,2,960
"3179",3840,1,50,4,2520
"3180",3841,1,57,3,600
"3181",3842,1,58,4,960
"3182",3843,2,25,5,600
"3183",3845,1,32,6,2100
"3184",3846,1,46,3,444
"3185",3847,1,48,3,1200
"3186",3848,1,42,3,1200
"3187",3849,1,57,2,720
"3188",3850,1,39,3,1320
"3189",3851,2,48,3,600
"3190",3853,1,33,5,1560
"3191",3854,1,33,5,960
"3192",3855,1,27,5,2400
"3193",3856,1,52,3,720
"3194",3857,1,40,5,3000
"3195",3858,1,48,4,1800
"3196",3859,1,43,7,1200
"3197",3860,1,34,5,1800
"3198",3864,1,46,3,2400
"3199",3865,1,37,6,1200
"3200",3866,1,46,3,480
"3201",3867,2,51,2,1200
"3202",3868,2,77,2,960
"3203",3869,1,38,5,1200
"3204",3870,1,79,3,1200
"3205",3871,1,43,4,1200
"3206",3872,1,61,3,600
"3207",3876,1,51,5,960
"3208",3877,1,63,5,600
"3209",3879,1,58,3,840
"3210",3880,1,63,2,720
"3211",3881,1,83,3,720
"3212",3883,1,58,5,480
"3213",3886,1,66,2,960
"3214",3887,1,44,3,1272
"3215",3888,1,56,3,360
"3216",3890,2,47,3,360
"3217",3891,1,36,6,1680
"3218",3892,1,51,4,1200
"3219",3893,1,46,4,1944
"3220",3895,1,54,7,3708
"3221",3898,2,37,6,1200
"3222",3899,1,47,5,996
"3223",3900,2,41,4,2640
"3224",3901,1,41,7,2040
"3225",3902,1,39,5,2160
"3226",3903,1,37,7,2760
"3227",3904,1,32,5,2004
"3228",3905,1,34,6,1200
"3229",3906,2,48,3,120
"3230",3907,1,58,3,840
"3231",3908,1,29,7,1320
"3232",3909,1,31,5,1560
"3233",3910,1,51,5,1200
"3234",3911,1,32,5,960
"3235",3913,1,46,5,600
"3236",3914,1,45,3,2340
"3237",3915,1,64,3,600
"3238",3917,1,27,7,1200
"3239",3918,1,28,5,1440
"3240",3919,1,48,3,2400
"3241",3920,1,59,3,600
"3242",3921,1,33,5,1500
"3243",3922,1,44,5,2232
"3244",3923,1,43,7,2460
"3245",3925,1,39,7,3180
"3246",3926,1,38,7,2340
"3247",3927,1,44,5,1992
"3248",3928,1,39,5,3180
"3249",3929,2,23,7,1080
"3250",3930,1,62,5,3636
"3251",3931,1,61,7,2820
"3252",3932,1,52,3,1800
"3253",3933,1,48,5,240
"3254",3934,1,50,5,900
"3255",3935,1,53,5,2400
"3256",3936,1,36,5,2172
"3257",3937,1,31,6,3000
"3258",3938,2,25,6,1560
"3259",3939,2,54,3,1200
"3260",3940,1,48,5,3000
"3261",3941,1,27,5,1740
"3262",3942,1,30,6,2040
"3263",3943,1,34,7,2280
"3264",3944,1,30,5,1440
"3265",3945,1,38,4,2160
"3266",3946,1,40,4,2400
"3267",3947,1,38,5,1200
"3268",3948,1,40,4,1800
"3269",3949,1,52,4,1320
"3270",3950,1,47,5,1680
"3271",3952,1,31,5,1440
"3272",3953,1,32,4,1200
"3273",3954,1,45,4,1800
"3274",3957,1,39,8,2400
"3275",3958,1,31,5,3000
"3276",3959,1,41,6,2400
"3277",3960,1,49,4,1140
"3278",3961,1,53,3,1440
"3279",3962,1,66,2,1200
"3280",3963,1,44,4,3600
"3281",3964,1,38,5,1200
"3282",3965,1,37,5,1560
"3283",3966,1,34,5,3000
"3284",3967,1,40,6,360
"3285",3968,1,38,3,2400
"3286",3969,1,48,5,3120
"3287",3970,1,42,4,1200
"3288",3971,1,48,2,1800
"3289",3972,1,52,2,720
"3290",3973,1,55,4,1500
"3291",3974,1,52,5,2736
"3292",3975,1,43,5,1572
"3293",3976,1,40,5,2400
"3294",3977,1,43,5,960
"3295",3978,1,51,5,2400
"3296",3979,1,42,5,2160
"3297",3980,1,32,7,1920
"3298",3982,2,74,2,240
"3299",3983,1,76,2,180
"3300",3984,1,58,3,600
"3301",3985,1,46,3,240
"3302",3986,1,62,2,360
"3303",3987,1,64,5,360
"3304",3988,2,60,2,480
"3305",3989,1,46,4,960
"3306",3990,1,55,5,1080
"3307",3991,1,45,3,900
"3308",3993,1,37,5,2472
"3309",3994,1,44,3,1200
"3310",3995,1,31,5,1644
"3311",3996,1,42,5,1680
"3312",3997,1,32,5,2364
"3313",3998,1,32,5,1080
"3314",3999,2,29,5,600
"3315",4000,1,41,5,828
"3316",4001,1,30,5,720
"3317",4002,1,36,8,4200
"3318",4003,1,33,8,3660
"3319",4004,1,46,4,2232
"3320",4005,2,59,3,4200
"3321",4006,1,33,7,2880
"3322",4007,1,41,5,1296
"3323",4008,1,37,5,2400
"3324",4010,1,47,5,2280
"3325",4011,1,34,7,2520
"3326",4013,1,28,5,720
"3327",4014,1,37,8,2400
"3328",4015,2,50,3,360
"3329",4016,2,72,4,36
"3330",4017,1,34,4,2124
"3331",4018,2,44,3,432
"3332",4019,1,27,5,1560
"3333",4020,1,40,3,1080
"3334",4022,1,54,5,840
"3335",4023,1,55,4,2400
"3336",4024,1,46,3,1140
"3337",4025,1,54,4,1200
"3338",4027,2,61,3,588
"3339",4028,1,33,5,1440
"3340",4029,1,31,5,1704
"3341",4030,2,37,3,960
"3342",4031,2,46,3,720
"3343",4032,1,61,7,600
"3344",4034,1,52,3,4800
"3345",4035,2,54,3,204
"3346",4036,1,46,5,720
"3347",4037,1,62,3,780
"3348",4038,1,53,5,3000
"3349",4039,1,63,3,600
"3350",4040,1,56,3,600
"3351",4042,1,40,5,2160
"3352",4043,1,43,5,900
"3353",4044,1,42,7,600
"3354",4045,1,49,5,2400
"3355",4047,1,35,8,720
"3356",4048,1,63,2,600
"3357",4049,1,25,5,1440
"3358",4050,1,59,3,1440
"3359",4052,1,43,3,228
"3360",4053,1,50,5,960
"3361",4054,1,42,5,1800
"3362",4055,1,43,3,1200
"3363",4056,1,65,3,780
"3364",4057,1,68,2,420
"3365",4058,1,46,4,1800
"3366",4059,1,69,5,360
"3367",4060,1,40,4,996
"3368",4062,2,66,3,360
"3369",4063,1,59,3,600
"3370",4064,1,42,4,660
"3371",4065,1,64,3,1200
"3372",4066,1,54,3,960
"3373",4067,2,70,2,240
"3374",4068,2,77,2,4800
"3375",4070,2,63,2,360
"3376",4071,2,61,3,120
"3377",4072,1,34,5,1464
"3378",4073,2,60,2,492
"3379",4074,1,87,2,600
"3380",4075,1,59,5,2604
"3381",4076,1,39,4,1596
"3382",4077,1,53,3,1800
"3383",4078,1,55,3,960
"3384",4079,1,58,3,1296
"3385",4080,1,55,3,972
"3386",4085,1,84,5,1404
"3387",4087,1,63,3,720
"3388",4088,1,52,5,2064
"3389",4089,1,82,2,1392
"3390",4090,1,40,5,3000
"3391",4091,1,35,5,3000
"3392",4093,1,35,5,1200
"3393",4094,1,46,5,3000
"3394",4095,1,62,4,2040
"3395",4096,1,67,2,360
"3396",4097,1,37,4,804
"3397",4098,1,56,3,672
"3398",4099,1,46,3,600
"3399",4100,1,64,3,2280
"3400",4101,2,77,2,48
"3401",4102,1,30,2,792
"3402",4103,1,65,2,180
"3403",4104,1,50,3,396
"3404",4105,1,36,3,720
"3405",4106,1,42,3,1440
"3406",4107,1,62,2,600
"3407",4108,2,66,2,192
"3408",4109,1,58,3,1200
"3409",4110,1,66,4,1800
"3410",4112,1,65,3,312
"3411",4114,1,72,5,600
"3412",4115,1,63,2,180
"3413",4118,1,51,3,1200
"3414",4119,2,23,5,768
"3415",4120,1,54,4,2760
"3416",4121,1,66,5,708
"3417",4122,1,59,4,840
"3418",4123,1,50,4,1200
"3419",4124,1,58,3,840
"3420",4125,1,46,7,2160
"3421",4126,2,46,5,1800
"3422",4127,1,40,7,300
"3423",4128,1,47,7,3132
"3424",4129,1,51,5,3660
"3425",4130,1,56,7,1800
"3426",4131,1,56,3,1800
"3427",4132,1,60,5,1440
"3428",4134,1,37,5,1800
"3429",4135,1,61,4,1464
"3430",4136,1,60,4,540
"3431",4137,1,49,3,204
"3432",4138,1,51,4,1440
"3433",4139,1,60,3,840
"3434",4140,1,37,4,1800
"3435",4141,1,51,7,2160
"3436",4142,1,64,5,3000
"3437",4143,1,45,5,1200
"3438",4144,1,54,4,960
"3439",4145,1,56,5,2400
"3440",4146,2,26,7,720
"3441",4148,2,74,5,360
"3442",4149,1,45,5,1740
"3443",4151,2,25,5,1668
"3444",4152,2,26,5,960
"3445",4153,1,50,4,960
"3446",4154,1,54,4,3840
"3447",4155,1,56,5,2400
"3448",4156,1,47,6,2400
"3449",4157,1,44,5,1560
"3450",4158,1,47,5,2400
"3451",4159,2,66,3,360
"3452",4160,2,72,3,60
"3453",4161,1,32,2,360
"3454",4162,1,53,3,1920
"3455",4163,1,51,3,840
"3456",4164,1,56,3,600
"3457",4165,1,29,5,2400
"3458",4166,1,59,7,1800
"3459",4167,1,57,3,600
"3460",4168,1,39,4,720
"3461",4170,1,44,3,960
"3462",4171,1,57,5,6000
"3463",4172,1,50,5,1800
"3464",4173,1,55,4,1752
"3465",4174,2,40,6,2556
"3466",4175,1,53,5,3600
"3467",4176,1,42,3,960
"3468",4177,1,54,5,3000
"3469",4178,2,46,3,1320
"3470",4179,1,38,5,1560
"3471",4181,1,45,5,2760
"3472",4182,1,41,7,2520
"3473",4183,1,54,5,3996
"3474",4184,2,44,8,960
"3475",4185,1,29,7,1200
"3476",4186,1,34,5,1200
"3477",4187,1,59,4,600
"3478",4188,1,58,5,1560
"3479",4189,1,38,3,1800
"3480",4190,1,33,7,1800
"3481",4192,1,52,5,600
"3482",4195,1,44,4,1440
"3483",4196,1,34,5,720
"3484",4197,2,45,4,240
"3485",4198,1,53,5,1920
"3486",4200,1,60,5,564
"3487",4201,1,51,5,5520
"3488",4202,1,33,7,1440
"3489",4203,2,27,7,1440
"3490",4204,1,61,3,600
"3491",4205,1,29,5,2280
"3492",4206,1,43,5,1320
"3493",4207,1,32,7,3000
"3494",4208,1,40,8,2400
"3495",4209,1,42,7,4800
"3496",4211,1,57,5,1560
"3497",4212,1,63,5,1224
"3498",4213,1,35,4,360
"3499",4215,1,54,3,960
"3500",4216,1,54,4,360
"3501",4217,1,62,3,480
"3502",4219,1,71,2,1656
"3503",4220,1,66,4,2052
"3504",4221,2,57,3,396
"3505",4222,1,41,4,3144
"3506",4223,1,40,5,1440
"3507",4225,1,38,5,480
"3508",4227,1,61,3,540
"3509",4228,1,51,4,2400
"3510",4229,2,64,2,480
"3511",4230,1,67,3,804
"3512",4231,1,38,5,6000
"3513",4232,1,31,7,3720
"3514",4233,1,53,7,4800
"3515",4234,1,34,7,3180
"3516",4235,1,42,8,2124
"3517",4237,1,53,8,4800
"3518",4238,1,42,5,1200
"3519",4240,1,43,3,840
"3520",4241,1,32,7,3000
"3521",4242,1,49,5,1440
"3522",4243,1,32,5,1440
"3523",4244,1,36,7,3000
"3524",4245,1,49,3,2640
"3525",4246,1,39,5,960
"3526",4247,1,38,9,3000
"3527",4248,1,32,7,996
"3528",4249,1,30,7,1800
"3529",4250,1,41,7,1800
"3530",4251,1,33,5,960
"3531",4252,1,40,5,1800
"3532",4253,1,40,4,1440
"3533",4254,1,38,4,1800
"3534",4255,1,67,2,120
"3535",4256,1,38,7,3000
"3536",4258,1,44,5,480
"3537",4259,2,32,7,2880
"3538",4260,2,42,4,1800
"3539",4261,1,71,7,480
"3540",4262,1,39,5,1200
"3541",4263,1,61,5,600
"3542",4264,2,63,3,1320
"3543",4267,1,62,3,4800
"3544",4268,1,62,2,3588
"3545",4269,1,56,4,3600
"3546",4270,1,52,4,792
"3547",4271,1,66,3,564
"3548",4272,1,30,5,1188
"3549",4274,1,54,3,2316
"3550",4275,1,73,3,780
"3551",4276,1,52,5,1440
"3552",4278,2,83,2,1440
"3553",4281,1,66,4,924
"3554",4282,1,40,5,3720
"3555",4283,1,75,3,60
"3556",4284,1,48,5,2160
"3557",4285,1,56,3,1440
"3558",4286,2,70,2,240
"3559",4287,1,44,3,1560
"3560",4288,2,56,2,360
"3561",4289,1,57,3,600
"3562",4290,2,68,2,288
"3563",4291,1,58,5,960
"3564",4292,1,35,5,720
"3565",4293,2,54,4,600
"3566",4294,1,46,7,1200
"3567",4296,1,54,3,1320
"3568",4297,2,53,3,876
"3569",4298,1,67,3,840
"3570",4299,1,67,3,1200
"3571",4301,1,67,3,396
"3572",4302,1,37,5,1320
"3573",4303,1,57,3,1800
"3574",4304,2,87,2,540
"3575",4305,1,54,4,792
"3576",4306,1,51,3,2496
"3577",4308,1,45,3,1440
"3578",4309,2,59,2,600
"3579",4311,1,68,5,1860
"3580",4312,1,52,7,3504
"3581",4313,1,54,5,720
"3582",4315,1,63,3,600
"3583",4316,1,33,5,1200
"3584",4317,1,38,5,2400
"3585",4318,1,47,4,720
"3586",4319,1,49,5,1440
"3587",4320,1,35,6,2796
"3588",4321,1,51,8,3600
"3589",4322,1,39,7,1680
"3590",4323,1,47,7,2244
"3591",4324,1,47,4,3000
"3592",4325,1,37,7,2160
"3593",4327,1,51,3,1272
"3594",4328,1,66,3,696
"3595",4329,1,42,4,720
"3596",4331,1,61,2,1044
"3597",4332,1,64,2,1800
"3598",4333,1,37,4,1800
"3599",4334,2,45,3,492
"3600",4335,1,40,5,3156
"3601",4336,1,51,3,1416
"3602",4337,1,48,5,2016
"3603",4338,2,63,2,420
"3604",4339,1,38,5,1200
"3605",4341,1,46,5,1440
"3606",4342,1,33,9,4200
"3607",4343,1,32,5,1440
"3608",4344,1,40,5,1596
"3609",4345,1,39,7,5400
"3610",4346,2,46,3,240
"3611",4347,1,50,7,4200
"3612",4348,2,26,5,1440
"3613",4349,1,30,5,1200
"3614",4350,1,50,5,3420
"3615",4352,1,37,5,1200
"3616",4353,1,59,5,960
"3617",4355,2,23,5,1020
"3618",4356,1,29,7,960
"3619",4357,1,30,5,2400
"3620",4358,2,36,7,2400
"3621",4359,1,35,5,2136
"3622",4360,1,37,4,1440
"3623",4361,1,65,3,600
"3624",4362,1,45,5,1200
"3625",4363,1,60,5,5880
"3626",4364,1,39,3,1200
"3627",4365,1,48,4,1560
"3628",4366,1,60,4,2004
"3629",4367,1,33,5,1020
"3630",4369,1,43,6,3600
"3631",4370,1,27,5,3420
"3632",4371,1,51,4,1800
"3633",4372,1,42,5,2400
"3634",4373,1,59,6,3600
"3635",4374,1,37,5,2220
"3636",4375,1,51,7,2400
"3637",4376,1,47,3,3000
"3638",4377,1,64,3,432
"3639",4378,1,39,3,480
"3640",4379,1,33,5,840
"3641",4380,2,49,3,1800
"3642",4382,1,55,4,1800
"3643",4384,1,55,7,2760
"3644",4385,1,39,7,6540
"3645",4386,1,43,6,2400
"3646",4387,1,45,7,2880
"3647",4388,1,45,7,2400
"3648",4389,1,51,7,1260
"3649",4390,1,53,4,7740
"3650",4391,2,93,2,240
"3651",4392,1,84,2,624
"3652",4396,1,57,7,3360
"3653",4397,1,30,5,3600
"3654",4398,1,39,5,1440
"3655",4399,1,39,6,1800
"3656",4400,1,44,5,1920
"3657",4401,1,34,5,1680
"3658",4402,1,64,3,252
"3659",4403,1,31,7,1680
"3660",4404,1,32,7,2040
"3661",4405,1,30,5,1440
"3662",4406,1,37,6,2040
"3663",4407,1,35,5,2400
"3664",4408,1,35,8,3060
"3665",4409,1,40,5,2820
"3666",4410,1,50,7,3600
"3667",4411,1,53,4,2400
"3668",4413,1,51,3,1980
"3669",4414,1,34,4,1800
"3670",4416,2,68,2,120
"3671",4417,2,78,2,96
"3672",4418,1,69,3,600
"3673",4419,2,69,3,96
"3674",4420,1,57,3,3360
"3675",4421,1,79,2,240
"3676",4422,1,58,3,1200
"3677",4423,1,51,3,1200
"3678",4424,2,64,3,84
"3679",4425,2,69,2,360
"3680",4428,2,66,2,240
"3681",4429,1,27,5,1440
"3682",4431,1,66,3,636
"3683",4432,1,62,3,2160
"3684",4433,1,71,3,600
"3685",4434,1,64,2,720
"3686",4435,1,48,3,1416
"3687",4437,1,58,3,1944
"3688",4438,2,48,4,960
"3689",4439,1,41,4,840
"3690",4440,1,47,5,2544
"3691",4442,1,37,5,1200
"3692",4443,2,44,4,720
"3693",4444,1,37,4,1800
"3694",4445,1,32,5,1320
"3695",4446,1,37,6,960
"3696",4447,1,45,4,840
"3697",4448,2,25,5,1560
"3698",4449,1,60,5,600
"3699",4450,1,52,5,1440
"3700",4451,1,67,3,360
"3701",4452,1,64,4,1056
"3702",4453,1,54,3,1200
"3703",4454,1,71,2,480
"3704",4456,1,49,5,1800
"3705",4458,1,48,3,420
"3706",4460,1,35,5,1560
"3707",4461,1,36,5,240
"3708",4463,1,50,5,1800
"3709",4464,1,42,5,1800
"3710",4465,1,44,4,1800
"3711",4466,1,34,5,1080
"3712",4468,1,41,7,4800
"3713",4470,1,39,5,2400
"3714",4471,1,69,3,120
"3715",4472,2,59,2,240
"3716",4473,1,66,4,1200
"3717",4474,1,57,3,1800
"3718",4475,1,76,3,600
"3719",4478,1,50,4,1800
"3720",4481,1,65,2,2160
"3721",4482,2,73,2,2400
"3722",4483,2,81,2,1800
"3723",4484,1,59,5,1920
"3724",4486,2,69,2,360
"3725",4487,2,57,3,1200
"3726",4488,1,42,4,1200
"3727",4489,2,67,5,3000
"3728",4490,1,44,3,1200
"3729",4491,1,45,7,3600
"3730",4492,1,39,5,1800
"3731",4493,2,45,5,7200
"3732",4494,1,42,7,2280
"3733",4495,1,43,5,3000
"3734",4497,2,57,3,1644
"3735",4498,2,50,3,960
"3736",4499,1,56,4,960
"3737",4500,2,70,2,1200
"3738",4501,1,55,3,1200
"3739",4502,1,46,5,1800
"3740",4503,1,30,6,1560
"3741",4504,1,60,3,360
"3742",4505,2,78,3,840
"3743",4506,1,34,5,1080
"3744",4507,1,45,4,3360
"3745",4508,2,59,4,1200
"3746",4509,1,50,7,2400
"3747",4510,1,47,5,1020
"3748",4511,1,54,5,84
"3749",4512,2,30,7,1164
"3750",4514,2,56,5,840
"3751",4515,1,35,5,600
"3752",4516,1,34,7,1440
"3753",4517,2,43,3,2400
"3754",4518,2,58,3,840
"3755",4519,2,48,4,1200
"3756",4520,2,43,3,1200
"3757",4521,1,29,5,2400
"3758",4522,1,29,5,1440
"3759",4523,1,46,4,1800
"3760",4524,1,58,3,720
"3761",4525,1,30,6,1800
"3762",4526,1,38,4,432
"3763",4527,1,45,5,3000
"3764",4528,1,48,5,3600
"3765",4529,2,40,5,6000
"3766",4530,1,34,7,2280
"3767",4531,1,44,4,1200
"3768",4532,1,39,5,2400
"3769",4533,1,52,3,1800
"3770",4534,1,47,4,2400
"3771",4535,1,65,5,1800
"3772",4536,1,31,4,960
"3773",4537,1,75,4,1200
"3774",4538,1,54,3,1800
"3775",4539,1,59,7,6000
"3776",4540,1,50,5,180
"3777",4541,1,30,6,2400
"3778",4543,1,59,3,792
"3779",4544,1,39,5,1200
"3780",4545,1,34,5,1800
"3781",4547,1,56,4,1320
"3782",4549,1,46,5,1200
"3783",4550,1,50,4,2400
"3784",4551,1,41,7,2664
"3785",4552,1,31,5,1140
"3786",4553,1,39,4,2400
"3787",4554,1,46,4,3600
"3788",4555,2,46,3,2400
"3789",4556,2,44,3,600
"3790",4558,1,49,5,1080
"3791",4560,1,43,3,1800
"3792",4566,1,40,5,3000
"3793",4567,1,39,5,2004
"3794",4568,1,40,6,2400
"3795",4569,1,36,7,1200
"3796",4570,1,38,5,3000
"3797",4571,1,29,5,1644
"3798",4572,1,28,6,1680
"3799",4573,1,25,7,3000
"3800",4574,1,32,5,2700
"3801",4575,1,26,8,2520
"3802",4576,1,29,5,3564
"3803",4577,1,30,5,1800
"3804",4578,1,41,4,480
"3805",4579,2,28,5,480
"3806",4580,1,51,5,1200
"3807",4581,1,34,5,1920
"3808",4582,1,29,5,1440
"3809",4583,1,39,5,1920
"3810",4584,1,38,6,840
"3811",4585,1,33,5,2076
"3812",4586,1,52,5,2400
"3813",4587,1,37,3,1440
"3814",4588,1,29,5,1080
"3815",4589,1,31,7,1800
"3816",4590,1,28,6,1800
"3817",4592,1,36,8,3852
"3818",4593,1,42,6,2400
"3819",4594,1,30,9,2280
"3820",4595,1,35,8,2160
"3821",4596,1,44,5,2640
"3822",4599,1,34,6,1440
"3823",4600,1,39,5,1800
"3824",4601,1,34,5,1440
"3825",4602,1,57,3,120
"3826",4603,1,41,5,2400
"3827",4604,1,61,3,960
"3828",4606,1,69,3,240
"3829",4607,1,68,3,792
"3830",4608,2,68,2,180
"3831",4609,1,78,3,240
"3832",4610,1,64,4,600
"3833",4611,2,36,5,960
"3834",4612,1,31,8,1680
"3835",4613,1,26,5,1800
"3836",4614,1,50,5,4800
"3837",4615,1,39,5,2160
"3838",4616,1,41,4,2400
"3839",4617,2,30,5,1080
"3840",4618,1,50,4,1560
"3841",4619,1,41,4,2160
"3842",4620,1,30,7,2400
"3843",4622,1,65,3,600
"3844",4623,1,38,3,960
"3845",4624,2,46,5,2400
"3846",4626,1,50,3,720
"3847",4627,1,64,3,840
"3848",4629,1,52,5,1200
"3849",4630,1,45,4,960
"3850",4631,1,68,2,480
"3851",4632,1,45,3,2400
"3852",4633,1,70,2,240
"3853",4634,1,67,4,240
"3854",4635,1,54,3,1080
"3855",4636,1,39,5,540
"3856",4637,1,48,3,3600
"3857",4638,1,64,2,360
"3858",4639,1,52,3,3360
"3859",4640,1,55,5,960
"3860",4641,2,70,2,600
"3861",4642,1,42,4,360
"3862",4644,2,55,2,480
"3863",4645,1,42,4,720
"3864",4646,1,76,2,696
"3865",4647,1,66,5,360
"3866",4648,1,56,3,600
"3867",4649,1,33,5,1200
"3868",4650,1,63,3,600
"3869",4651,2,58,3,120
"3870",4652,1,83,2,1200
"3871",4653,1,60,5,2400
"3872",4654,1,58,3,2040
"3873",4655,1,47,3,1440
"3874",4656,1,42,5,840
"3875",4657,2,56,3,240
"3876",4660,1,51,4,1200
"3877",4661,1,55,4,2400
"3878",4662,1,62,3,1560
"3879",4663,1,43,4,720
"3880",4664,1,39,6,2400
"3881",4665,1,62,3,120
"3882",4666,1,34,5,1800
"3883",4668,2,62,3,36
"3884",4669,2,67,2,1560
"3885",4670,1,38,5,720
"3886",4672,2,59,2,480
"3887",4675,2,79,2,1440
"3888",4676,1,58,4,1080
"3889",4677,1,70,3,120
"3890",4678,1,62,3,720
"3891",4679,1,72,2,600
"3892",4680,1,71,2,444
"3893",4681,1,65,5,960
"3894",4682,1,56,3,1740
"3895",4684,1,55,3,240
"3896",4686,1,39,4,384
"3897",4687,1,35,5,600
"3898",4689,1,61,3,600
"3899",4690,1,52,5,1200
"3900",4691,1,66,2,240
"3901",4692,1,67,3,240
"3902",4693,1,59,3,1440
"3903",4694,1,64,5,360
"3904",4695,1,61,3,600
"3905",4696,1,53,5,3600
"3906",4697,1,45,4,2400
"3907",4698,1,66,5,240
"3908",4699,2,58,3,240
"3909",4700,1,35,5,1800
"3910",4701,1,31,8,2136
"3911",4702,1,37,6,1680
"3912",4703,1,40,5,1920
"3913",4704,1,51,4,840
"3914",4705,1,41,5,1800
"3915",4706,1,54,5,960
"3916",4707,1,41,6,2400
"3917",4709,2,64,3,1800
"3918",4710,1,48,3,3000
"3919",4711,1,59,5,1680
"3920",4712,1,50,4,2400
"3921",4713,1,41,5,1440
"3922",4714,1,65,5,720
"3923",4715,1,67,3,720
"3924",4717,1,67,7,4800
"3925",4718,1,45,4,1080
"3926",4719,1,33,4,1320
"3927",4720,1,38,5,1200
"3928",4721,1,35,5,1200
"3929",4722,1,40,5,1680
"3930",4724,1,37,5,2640
"3931",4725,1,44,4,1920
"3932",4726,1,62,2,780
"3933",4727,1,31,8,1800
"3934",4728,1,33,5,1980
"3935",4729,1,42,5,2400
"3936",4730,1,49,5,720
"3937",4731,2,26,6,960
"3938",4732,1,56,5,2400
"3939",4733,1,29,6,2376
"3940",4734,1,35,7,1560
"3941",4736,1,42,5,1800
"3942",4737,1,40,5,1680
"3943",4738,1,45,7,1200
"3944",4739,1,32,8,1920
"3945",4740,1,41,6,4800
"3946",4741,1,22,5,2520
"3947",4742,1,49,5,2400
"3948",4744,1,44,4,1320
"3949",4745,1,41,6,1200
"3950",4746,1,52,5,1800
"3951",4747,1,58,3,600
"3952",4748,1,51,8,756
"3953",4749,1,47,7,2400
"3954",4750,2,46,4,1200
"3955",4751,1,39,4,960
"3956",4752,1,43,7,2400
"3957",4753,1,33,5,1440
"3958",4754,1,32,5,2640
"3959",4755,1,34,7,1800
"3960",4756,1,50,7,3600
"3961",4757,1,40,9,4800
"3962",4758,1,46,5,2400
"3963",4759,1,33,5,1560
"3964",4760,1,38,5,2400
"3965",4761,1,39,5,1800
"3966",4762,1,32,8,2400
"3967",4763,1,37,5,3000
"3968",4764,1,55,3,2400
"3969",4765,1,33,7,2400
"3970",4766,1,62,7,1440
"3971",4767,1,46,7,720
"3972",4768,1,49,4,1320
"3973",4769,1,49,5,720
"3974",4770,1,27,5,1320
"3975",4771,1,48,3,1680
"3976",4772,1,52,4,480
"3977",4773,1,72,2,600
"3978",4774,1,44,3,780
"3979",4775,1,29,5,120
"3980",4776,1,40,5,2244
"3981",4777,1,61,3,720
"3982",4778,1,42,4,1392
"3983",4779,1,43,3,1920
"3984",4780,1,54,4,2640
"3985",4781,2,72,2,600
"3986",4782,1,61,4,1680
"3987",4783,1,47,4,3960
"3988",4784,1,45,4,1836
"3989",4785,1,64,3,300
"3990",4786,1,51,8,3600
"3991",4787,1,39,5,2400
"3992",4788,1,44,5,1680
"3993",4789,1,30,7,2220
"3994",4790,2,69,2,336
"3995",4791,1,32,4,600
"3996",4792,1,61,7,636
"3997",4793,1,39,4,840
"3998",4795,1,64,4,1200
"3999",4796,1,46,4,1200
"4000",4797,1,34,5,5388
"4001",4798,1,43,5,1200
"4002",4800,2,45,3,1464
"4003",4801,1,51,5,1440
"4004",4802,1,34,7,1500
"4005",4803,2,56,5,1680
"4006",4804,1,49,7,1200
"4007",4806,1,19,5,540
"4008",4807,1,43,4,1200
"4009",4810,1,40,5,3600
"4010",4811,1,60,4,3000
"4011",4813,1,60,4,1656
"4012",4814,1,39,5,1080
"4013",4815,1,59,3,420
"4014",4816,1,50,5,1200
"4015",4817,2,28,5,1800
"4016",4818,1,47,5,4800
"4017",4819,1,49,5,1200
"4018",4820,1,27,4,1176
"4019",4822,1,46,4,360
"4020",4823,1,30,6,840
"4021",4824,1,44,5,3960
"4022",4826,1,50,3,1800
"4023",4827,1,50,3,1800
"4024",4828,1,44,5,1920
"4025",4830,1,52,6,2520
"4026",4831,1,31,8,2160
"4027",4832,1,35,4,1620
"4028",4833,1,53,4,1800
"4029",4834,1,53,5,1200
"4030",4835,1,34,6,3600
"4031",4836,1,31,7,1800
"4032",4837,2,46,3,600
"4033",4838,1,31,6,840
"4034",4840,1,40,5,2400
"4035",4841,1,37,4,1200
"4036",4842,1,61,3,3600
"4037",4843,1,73,2,1200
"4038",4844,1,27,5,1200
"4039",4845,2,53,2,480
"4040",4846,1,38,5,600
"4041",4847,1,33,6,2400
"4042",4848,1,35,4,1200
"4043",4849,1,38,5,3000
"4044",4850,1,44,4,1416
"4045",4851,1,39,7,4200
"4046",4852,2,56,2,2136
"4047",4853,1,69,7,240
"4048",4854,1,28,5,1380
"4049",4855,1,37,5,912
"4050",4856,2,50,4,2640
"4051",4858,1,66,7,6000
"4052",4859,1,32,7,2040
"4053",4861,1,48,7,6000
"4054",4863,1,33,8,3600
"4055",4864,1,59,5,960
"4056",4865,1,43,4,1200
"4057",4866,2,60,3,360
"4058",4867,1,66,2,600
"4059",4869,2,48,5,600
"4060",4870,1,64,3,3240
"4061",4871,1,40,6,1200
"4062",4872,1,50,5,2400
"4063",4874,2,41,4,480
"4064",4876,1,47,5,2304
"4065",4878,1,24,5,2520
"4066",4879,2,64,2,480
"4067",4880,1,36,3,2280
"4068",4881,1,41,7,4644
"4069",4882,1,32,5,1620
"4070",4883,1,27,5,1440
"4071",4884,1,27,4,1596
"4072",4885,2,31,5,2280
"4073",4886,1,30,4,2160
"4074",4888,1,46,3,1200
"4075",4891,1,51,3,1800
"4076",4896,1,38,3,1380
"4077",4897,1,54,4,1140
"4078",4898,1,28,7,1440
"4079",4899,1,51,5,840
"4080",4900,1,34,3,1224
"4081",4901,1,36,3,2040
"4082",4902,1,35,5,1296
"4083",4903,1,76,2,3144
"4084",4904,1,58,3,240
"4085",4905,1,55,4,2880
"4086",4906,2,32,4,1080
"4087",4907,1,31,4,1440
"4088",4908,1,28,6,1800
"4089",4909,1,32,7,1320
"4090",4910,1,38,5,1800
"4091",4911,1,35,5,1920
"4092",4912,1,45,4,2760
"4093",4913,1,49,5,1080
"4094",4914,1,37,5,1920
"4095",4915,1,41,3,1440
"4096",4916,1,45,5,960
"4097",4917,1,58,7,3240
"4098",4918,1,48,6,1896
"4099",4919,1,46,5,720
"4100",4920,2,59,2,240
"4101",4921,1,30,5,1200
"4102",4923,1,40,5,1200
"4103",4924,2,71,2,1800
"4104",4925,1,43,3,600
"4105",4927,1,35,5,2160
"4106",4928,1,50,4,1560
"4107",4929,1,29,5,1296
"4108",4930,1,35,6,1380
"4109",4931,1,66,4,912
"4110",4932,1,52,3,1080
"4111",4933,1,35,5,2400
"4112",4934,1,33,5,1080
"4113",4935,2,45,3,840
"4114",4936,2,67,2,480
"4115",4937,1,50,4,2496
"4116",4938,1,63,5,1800
"4117",4939,1,76,3,600
"4118",4940,1,76,2,360
"4119",4941,2,58,2,1368
"4120",4942,1,56,3,1200
"4121",4943,2,54,3,600
"4122",4944,1,51,3,1200
"4123",4945,1,71,2,360
"4124",4946,1,36,4,1200
"4125",4947,1,40,5,1536
"4126",4949,1,72,5,600
"4127",4950,2,56,3,1680
"4128",4951,1,64,3,2400
"4129",4952,2,63,3,360
"4130",4955,1,60,4,1200
"4131",4956,1,51,5,1500
"4132",4957,2,27,5,1920
"4133",4958,1,35,7,1500
"4134",4960,1,46,5,5160
"4135",4961,1,50,5,840
"4136",4962,1,50,4,2280
"4137",4963,1,60,4,1200
"4138",4964,1,44,5,1560
"4139",4965,1,37,5,960
"4140",4966,2,38,5,1140
"4141",4967,1,32,7,1200
"4142",4968,2,43,3,1080
"4143",4970,1,31,6,1056
"4144",4971,1,37,6,2100
"4145",4972,1,38,5,2400
"4146",4973,1,41,3,1440
"4147",4974,1,31,5,1764
"4148",4975,1,62,3,660
"4149",4976,1,46,4,1800
"4150",4977,1,51,5,2760
"4151",4978,1,35,6,6000
"4152",4981,1,45,4,624
"4153",4982,1,30,5,1560
"4154",4983,1,55,4,960
"4155",4984,1,59,5,1680
"4156",4986,1,42,5,3000
"4157",4987,1,42,5,1560
"4158",4988,1,32,5,2160
"4159",4989,1,62,7,2760
"4160",4990,1,83,4,2400
"4161",4991,1,44,5,120
"4162",4992,1,69,3,1200
"4163",4993,1,47,6,1320
"4164",4994,2,47,5,840
"4165",4995,1,30,6,2040
"4166",4997,1,37,5,1560
"4167",4998,1,37,7,2400
"4168",4999,1,47,4,156
"4169",5000,1,35,5,6000
